Year,Location,Competition,Round,Phase,Class,Rank,Bib,Athlete Name,Last Name,First Name,Nation,Time,Time Behind,% Behind Winner,Faults,Competition ID,Athlete ID
2025,Foix,U23 World Championships,Time Trial,Time Trial,WCSLX,1,11,Zuzana PANKOVA,PANKOVA,Zuzana,SVK,55.36,0,100.00%,,2025 Foix U23 World Championships,2025 Foix U23 World Championships Time Trial WCSLX Zuzana PANKOVA
2025,Foix,U23 World Championships,Time Trial,Time Trial,WCSLX,2,10,Olga SAMKOVA,SAMKOVA,Olga,CZE,55.65,0.29,100.52%,,2025 Foix U23 World Championships,2025 Foix U23 World Championships Time Trial WCSLX Olga SAMKOVA
2025,Foix,U23 World Championships,Time Trial,Time Trial,WCSLX,3,3,Tereza KNEBLOVA,KNEBLOVA,Tereza,CZE,56.43,1.07,101.93%,,2025 Foix U23 World Championships,2025 Foix U23 World Championships Time Trial WCSLX Tereza KNEBLOVA
2025,Foix,U23 World Championships,Time Trial,Time Trial,WCSLX,4,2,Emma VUITTON,VUITTON,Emma,FRA,56.46,1.1,101.99%,,2025 Foix U23 World Championships,2025 Foix U23 World Championships Time Trial WCSLX Emma VUITTON
2025,Foix,U23 World Championships,Time Trial,Time Trial,WCSLX,5,1,Evy LEIBFARTH,LEIBFARTH,Evy,USA,56.47,1.11,102.01%,,2025 Foix U23 World Championships,2025 Foix U23 World Championships Time Trial WCSLX Evy LEIBFARTH
2025,Foix,U23 World Championships,Time Trial,Time Trial,WCSLX,6,32,Doriane DELASSUS,DELASSUS,Doriane,FRA,56.7,1.34,102.42%,,2025 Foix U23 World Championships,2025 Foix U23 World Championships Time Trial WCSLX Doriane DELASSUS
2025,Foix,U23 World Championships,Time Trial,Time Trial,WCSLX,7,9,Lois LEAVER,LEAVER,Lois,GBR,56.75,1.39,102.51%,,2025 Foix U23 World Championships,2025 Foix U23 World Championships Time Trial WCSLX Lois LEAVER
2025,Foix,U23 World Championships,Time Trial,Time Trial,WCSLX,8,44,Lucia PISTONI,PISTONI,Lucia,ITA,57.19,1.83,103.31%,,2025 Foix U23 World Championships,2025 Foix U23 World Championships Time Trial WCSLX Lucia PISTONI
2025,Foix,U23 World Championships,Time Trial,Time Trial,WCSLX,9,14,Dominika BRZESKA,BRZESKA,Dominika,POL,57.41,2.05,103.70%,,2025 Foix U23 World Championships,2025 Foix U23 World Championships Time Trial WCSLX Dominika BRZESKA
2025,Foix,U23 World Championships,Time Trial,Time Trial,WCSLX,10,8,Haizea SEGURA,SEGURA,Haizea,ESP,57.63,2.27,104.10%,,2025 Foix U23 World Championships,2025 Foix U23 World Championships Time Trial WCSLX Haizea SEGURA
2025,Foix,U23 World Championships,Time Trial,Time Trial,WCSLX,11,15,Leire GONI,GONI,Leire,ESP,57.73,2.37,104.28%,,2025 Foix U23 World Championships,2025 Foix U23 World Championships Time Trial WCSLX Leire GONI
2025,Foix,U23 World Championships,Time Trial,Time Trial,WCSLX,12,16,Paulina PIRRO,PIRRO,Paulina,GER,57.8,2.44,104.41%,,2025 Foix U23 World Championships,2025 Foix U23 World Championships Time Trial WCSLX Paulina PIRRO
2025,Foix,U23 World Championships,Time Trial,Time Trial,WCSLX,13,4,Katerina BEKOVA,BEKOVA,Katerina,CZE,57.96,2.6,104.70%,,2025 Foix U23 World Championships,2025 Foix U23 World Championships Time Trial WCSLX Katerina BEKOVA
2025,Foix,U23 World Championships,Time Trial,Time Trial,WCSLX,14,43,Taisiia LOGACHEVA,LOGACHEVA,Taisiia,AIN,58.02,2.66,104.80%,,2025 Foix U23 World Championships,2025 Foix U23 World Championships Time Trial WCSLX Taisiia LOGACHEVA
2025,Foix,U23 World Championships,Time Trial,Time Trial,WCSLX,15,5,Eva Alina HOCEVAR,HOCEVAR,Eva Alina,SLO,58.16,2.8,105.06%,,2025 Foix U23 World Championships,2025 Foix U23 World Championships Time Trial WCSLX Eva Alina HOCEVAR
2025,Foix,U23 World Championships,Time Trial,Time Trial,WCSLX,16,28,Antonia PLOCHMANN,PLOCHMANN,Antonia,GER,58.21,2.85,105.15%,,2025 Foix U23 World Championships,2025 Foix U23 World Championships Time Trial WCSLX Antonia PLOCHMANN
2025,Foix,U23 World Championships,Time Trial,Time Trial,WCSLX,17,37,Macy KANG,KANG,Macy,GBR,58.49,3.13,105.65%,,2025 Foix U23 World Championships,2025 Foix U23 World Championships Time Trial WCSLX Macy KANG
2025,Foix,U23 World Championships,Time Trial,Time Trial,WCSLX,18,36,Charlotte WILD,WILD,Charlotte,GER,58.57,3.21,105.80%,,2025 Foix U23 World Championships,2025 Foix U23 World Championships Time Trial WCSLX Charlotte WILD
2025,Foix,U23 World Championships,Time Trial,Time Trial,WCSLX,19,27,Oleksandra HORLOVA,HORLOVA,Oleksandra,UKR,58.6,3.24,105.85%,,2025 Foix U23 World Championships,2025 Foix U23 World Championships Time Trial WCSLX Oleksandra HORLOVA
2025,Foix,U23 World Championships,Time Trial,Time Trial,WCSLX,20,50,Angelina MAKACHEVA,MAKACHEVA,Angelina,AIN,58.61,3.25,105.87%,,2025 Foix U23 World Championships,2025 Foix U23 World Championships Time Trial WCSLX Angelina MAKACHEVA
2025,Foix,U23 World Championships,Time Trial,Time Trial,WCSLX,21,38,Perrine JOUBERT,JOUBERT,Perrine,FRA,58.66,3.3,105.96%,,2025 Foix U23 World Championships,2025 Foix U23 World Championships Time Trial WCSLX Perrine JOUBERT
2025,Foix,U23 World Championships,Time Trial,Time Trial,WCSLX,22,31,Beatrice OLSON,OLSON,Beatrice,CAN,58.74,3.38,106.11%,,2025 Foix U23 World Championships,2025 Foix U23 World Championships Time Trial WCSLX Beatrice OLSON
2025,Foix,U23 World Championships,Time Trial,Time Trial,WCSLX,23,19,Ivana CHLEBOVA,CHLEBOVA,Ivana,SVK,58.81,3.45,106.23%,,2025 Foix U23 World Championships,2025 Foix U23 World Championships Time Trial WCSLX Ivana CHLEBOVA
2025,Foix,U23 World Championships,Time Trial,Time Trial,WCSLX,24,46,Marina NOVYSH,NOVYSH,Marina,AIN,58.84,3.48,106.29%,,2025 Foix U23 World Championships,2025 Foix U23 World Championships Time Trial WCSLX Marina NOVYSH
2025,Foix,U23 World Championships,Time Trial,Time Trial,WCSLX,25,23,Fia BUETIKOFER,BUETIKOFER,Fia,SUI,58.88,3.52,106.36%,,2025 Foix U23 World Championships,2025 Foix U23 World Championships Time Trial WCSLX Fia BUETIKOFER
2025,Foix,U23 World Championships,Time Trial,Time Trial,WCSLX,26,26,Jana PLANES,PLANES,Jana,ESP,59.01,3.65,106.59%,,2025 Foix U23 World Championships,2025 Foix U23 World Championships Time Trial WCSLX Jana PLANES
2025,Foix,U23 World Championships,Time Trial,Time Trial,WCSLX,27,7,Naja PINTERIC,PINTERIC,Naja,SLO,59.25,3.89,107.03%,,2025 Foix U23 World Championships,2025 Foix U23 World Championships Time Trial WCSLX Naja PINTERIC
2025,Foix,U23 World Championships,Time Trial,Time Trial,WCSLX,28,20,Svenja MATTI,MATTI,Svenja,SUI,59.43,4.07,107.35%,,2025 Foix U23 World Championships,2025 Foix U23 World Championships Time Trial WCSLX Svenja MATTI
2025,Foix,U23 World Championships,Time Trial,Time Trial,WCSLX,29,13,Georgia O'CALLAGHAN,O'CALLAGHAN,Georgia,AUS,59.48,4.12,107.44%,,2025 Foix U23 World Championships,2025 Foix U23 World Championships Time Trial WCSLX Georgia O'CALLAGHAN
2025,Foix,U23 World Championships,Time Trial,Time Trial,WCSLX,30,18,Ria SRIBAR,SRIBAR,Ria,USA,59.57,4.21,107.60%,,2025 Foix U23 World Championships,2025 Foix U23 World Championships Time Trial WCSLX Ria SRIBAR
2025,Foix,U23 World Championships,Time Trial,Time Trial,WCSLX,31,17,Laura PLATA,PLATA,Laura,COL,59.93,4.57,108.26%,,2025 Foix U23 World Championships,2025 Foix U23 World Championships Time Trial WCSLX Laura PLATA
2025,Foix,U23 World Championships,Time Trial,Time Trial,WCSLX,32,12,Marcella ALTMAN,ALTMAN,Marcella,USA,60.09,4.73,108.54%,,2025 Foix U23 World Championships,2025 Foix U23 World Championships Time Trial WCSLX Marcella ALTMAN
2025,Foix,U23 World Championships,Time Trial,Time Trial,WCSLX,33,34,Valentyna HORLOVA,HORLOVA,Valentyna,UKR,60.49,5.13,109.27%,,2025 Foix U23 World Championships,2025 Foix U23 World Championships Time Trial WCSLX Valentyna HORLOVA
2025,Foix,U23 World Championships,Time Trial,Time Trial,WCSLX,34,33,Caterina PIGNAT,PIGNAT,Caterina,ITA,60.58,5.22,109.43%,,2025 Foix U23 World Championships,2025 Foix U23 World Championships Time Trial WCSLX Caterina PIGNAT
2025,Foix,U23 World Championships,Time Trial,Time Trial,WCSLX,35,47,Ting-I WU,WU,Ting-I,TPE,61.16,5.8,110.48%,,2025 Foix U23 World Championships,2025 Foix U23 World Championships Time Trial WCSLX Ting-I WU
2025,Foix,U23 World Championships,Time Trial,Time Trial,WCSLX,36,6,Florencia AGUIRRE GONZALEZ,AGUIRRE GONZALEZ,Florencia,CHI,61.91,6.55,111.83%,,2025 Foix U23 World Championships,2025 Foix U23 World Championships Time Trial WCSLX Florencia AGUIRRE GONZALEZ
2025,Foix,U23 World Championships,Time Trial,Time Trial,WCSLX,37,41,Katherine SHATTOCK,SHATTOCK,Katherine,GBR,62.65,7.29,113.17%,,2025 Foix U23 World Championships,2025 Foix U23 World Championships Time Trial WCSLX Katherine SHATTOCK
2025,Foix,U23 World Championships,Time Trial,Time Trial,WCSLX,38,35,Emanuela LUKNAROVA,LUKNAROVA,Emanuela,SVK,63.65,8.29,114.97%,,2025 Foix U23 World Championships,2025 Foix U23 World Championships Time Trial WCSLX Emanuela LUKNAROVA
2025,Foix,U23 World Championships,Time Trial,Time Trial,WCSLX,39,40,Kahlia CULLWICK,CULLWICK,Kahlia,NZL,63.81,8.45,115.26%,,2025 Foix U23 World Championships,2025 Foix U23 World Championships Time Trial WCSLX Kahlia CULLWICK
2025,Foix,U23 World Championships,Time Trial,Time Trial,WCSLX,40,24,Claire CLEMENTS,CLEMENTS,Claire,AUS,64.44,9.08,116.40%,,2025 Foix U23 World Championships,2025 Foix U23 World Championships Time Trial WCSLX Claire CLEMENTS
2025,Foix,U23 World Championships,Time Trial,Time Trial,WCSLX,41,39,Waris MILLS,MILLS,Waris,RSA,64.67,9.31,116.82%,,2025 Foix U23 World Championships,2025 Foix U23 World Championships Time Trial WCSLX Waris MILLS
2025,Foix,U23 World Championships,Time Trial,Time Trial,WCSLX,42,22,Iris SOMMERNES,SOMMERNES,Iris,NOR,64.87,9.51,117.18%,,2025 Foix U23 World Championships,2025 Foix U23 World Championships Time Trial WCSLX Iris SOMMERNES
2025,Foix,U23 World Championships,Time Trial,Time Trial,WCSLX,43,29,Anastassiya ANANYEVA,ANANYEVA,Anastassiya,KAZ,65.36,10,118.06%,,2025 Foix U23 World Championships,2025 Foix U23 World Championships Time Trial WCSLX Anastassiya ANANYEVA
2025,Foix,U23 World Championships,Time Trial,Time Trial,WCSLX,44,21,Sarah CROSBEE,CROSBEE,Sarah,AUS,65.68,10.32,118.64%,,2025 Foix U23 World Championships,2025 Foix U23 World Championships Time Trial WCSLX Sarah CROSBEE
2025,Foix,U23 World Championships,Time Trial,Time Trial,WCSLX,45,25,Jessica DUC,DUC,Jessica,SUI,67.73,12.37,122.34%,,2025 Foix U23 World Championships,2025 Foix U23 World Championships Time Trial WCSLX Jessica DUC
2025,Foix,U23 World Championships,Time Trial,Time Trial,WCSLX,46,45,Shikha CHOUHAN,CHOUHAN,Shikha,IND,68.9,13.54,124.46%,,2025 Foix U23 World Championships,2025 Foix U23 World Championships Time Trial WCSLX Shikha CHOUHAN
2025,Foix,U23 World Championships,Time Trial,Time Trial,WCSLX,47,30,Yekaterina TARANTSEVA,TARANTSEVA,Yekaterina,KAZ,69.95,14.59,126.35%,,2025 Foix U23 World Championships,2025 Foix U23 World Championships Time Trial WCSLX Yekaterina TARANTSEVA
2025,Foix,U23 World Championships,Time Trial,Time Trial,WCSLX,48,52,Marta ZIZMARE,ZIZMARE,Marta,LAT,71.04,15.68,128.32%,,2025 Foix U23 World Championships,2025 Foix U23 World Championships Time Trial WCSLX Marta ZIZMARE
2025,Foix,U23 World Championships,Time Trial,Time Trial,WCSLX,49,51,Eoid BERRIO,BERRIO,Eoid,PER,73.82,18.46,133.35%,,2025 Foix U23 World Championships,2025 Foix U23 World Championships Time Trial WCSLX Eoid BERRIO
2025,Foix,U23 World Championships,Time Trial,Time Trial,WCSLX,50,49,Leonor CARVALHO,CARVALHO,Leonor,POR,72.56,17.2,131.07%,FLT (R),2025 Foix U23 World Championships,2025 Foix U23 World Championships Time Trial WCSLX Leonor CARVALHO
2025,Foix,U23 World Championships,Time Trial,Time Trial,WCSLX,51,42,Jaruwan NIAMTHONG,NIAMTHONG,Jaruwan,THA,63.95,8.59,115.52%,FLT (3),2025 Foix U23 World Championships,2025 Foix U23 World Championships Time Trial WCSLX Jaruwan NIAMTHONG
2025,Foix,U23 World Championships,Time Trial,Time Trial,WCSLX,52,48,Emmi WOOD,WOOD,Emmi,RSA,66.79,11.43,120.65%,FLT (3),2025 Foix U23 World Championships,2025 Foix U23 World Championships Time Trial WCSLX Emmi WOOD
2025,Foix,U23 World Championships,Time Trial,Time Trial,MCSLX,1,1,Sam LEAVER,LEAVER,Sam,GBR,50.62,0,100.00%,,2025 Foix U23 World Championships,2025 Foix U23 World Championships Time Trial MCSLX Sam LEAVER
2025,Foix,U23 World Championships,Time Trial,Time Trial,MCSLX,2,6,Matyas NOVAK,NOVAK,Matyas,CZE,50.92,0.3,100.59%,,2025 Foix U23 World Championships,2025 Foix U23 World Championships Time Trial MCSLX Matyas NOVAK
2025,Foix,U23 World Championships,Time Trial,Time Trial,MCSLX,3,3,Jakub KREJCI,KREJCI,Jakub,CZE,51.06,0.44,100.87%,,2025 Foix U23 World Championships,2025 Foix U23 World Championships Time Trial MCSLX Jakub KREJCI
2025,Foix,U23 World Championships,Time Trial,Time Trial,MCSLX,4,54,Gino BENINI,BENINI,Gino,FRA,51.32,0.7,101.38%,,2025 Foix U23 World Championships,2025 Foix U23 World Championships Time Trial MCSLX Gino BENINI
2025,Foix,U23 World Championships,Time Trial,Time Trial,MCSLX,5,7,Titouan CASTRYCK,CASTRYCK,Titouan,FRA,51.41,0.79,101.56%,,2025 Foix U23 World Championships,2025 Foix U23 World Championships Time Trial MCSLX Titouan CASTRYCK
2025,Foix,U23 World Championships,Time Trial,Time Trial,MCSLX,6,17,Xabier FERRAZZI,FERRAZZI,Xabier,ITA,51.51,0.89,101.76%,,2025 Foix U23 World Championships,2025 Foix U23 World Championships Time Trial MCSLX Xabier FERRAZZI
2025,Foix,U23 World Championships,Time Trial,Time Trial,MCSLX,7,43,Martin CORNU,CORNU,Martin,FRA,51.56,0.94,101.86%,,2025 Foix U23 World Championships,2025 Foix U23 World Championships Time Trial MCSLX Martin CORNU
2025,Foix,U23 World Championships,Time Trial,Time Trial,MCSLX,8,12,Artem IVCHENKO,IVCHENKO,Artem,UKR,51.85,1.23,102.43%,,2025 Foix U23 World Championships,2025 Foix U23 World Championships Time Trial MCSLX Artem IVCHENKO
2025,Foix,U23 World Championships,Time Trial,Time Trial,MCSLX,9,5,Alex BALDONI,BALDONI,Alex,CAN,51.87,1.25,102.47%,,2025 Foix U23 World Championships,2025 Foix U23 World Championships Time Trial MCSLX Alex BALDONI
2025,Foix,U23 World Championships,Time Trial,Time Trial,MCSLX,10,10,Nicholas COLLIER,COLLIER,Nicholas,NZL,52.12,1.5,102.96%,,2025 Foix U23 World Championships,2025 Foix U23 World Championships Time Trial MCSLX Nicholas COLLIER
2025,Foix,U23 World Championships,Time Trial,Time Trial,MCSLX,11,4,Merle LONG,LONG,Merle,AUS,52.37,1.75,103.46%,,2025 Foix U23 World Championships,2025 Foix U23 World Championships Time Trial MCSLX Merle LONG
2025,Foix,U23 World Championships,Time Trial,Time Trial,MCSLX,12,65,Egor SMIRNOV,SMIRNOV,Egor,AIN,52.41,1.79,103.54%,,2025 Foix U23 World Championships,2025 Foix U23 World Championships Time Trial MCSLX Egor SMIRNOV
2025,Foix,U23 World Championships,Time Trial,Time Trial,MCSLX,13,9,Kyler James LONG,LONG,Kyler James,USA,52.46,1.84,103.63%,,2025 Foix U23 World Championships,2025 Foix U23 World Championships Time Trial MCSLX Kyler James LONG
2025,Foix,U23 World Championships,Time Trial,Time Trial,MCSLX,14,18,Pitt ROHRER,ROHRER,Pitt,SUI,52.57,1.95,103.85%,,2025 Foix U23 World Championships,2025 Foix U23 World Championships Time Trial MCSLX Pitt ROHRER
2025,Foix,U23 World Championships,Time Trial,Time Trial,MCSLX,15,2,Tadeusz KUCHNO,KUCHNO,Tadeusz,POL,52.63,2.01,103.97%,,2025 Foix U23 World Championships,2025 Foix U23 World Championships Time Trial MCSLX Tadeusz KUCHNO
2025,Foix,U23 World Championships,Time Trial,Time Trial,MCSLX,16,24,Oleksandr FEDORENKO,FEDORENKO,Oleksandr,UKR,52.65,2.03,104.01%,,2025 Foix U23 World Championships,2025 Foix U23 World Championships Time Trial MCSLX Oleksandr FEDORENKO
2025,Foix,U23 World Championships,Time Trial,Time Trial,MCSLX,17,13,Dominic CURTIN,CURTIN,Dominic,AUS,52.74,2.12,104.19%,,2025 Foix U23 World Championships,2025 Foix U23 World Championships Time Trial MCSLX Dominic CURTIN
2025,Foix,U23 World Championships,Time Trial,Time Trial,MCSLX,18,25,Kaelin FRIEDENSON,FRIEDENSON,Kaelin,USA,52.75,2.13,104.21%,,2025 Foix U23 World Championships,2025 Foix U23 World Championships Time Trial MCSLX Kaelin FRIEDENSON
2025,Foix,U23 World Championships,Time Trial,Time Trial,MCSLX,19,21,Martin RUDORFER,RUDORFER,Martin,CZE,52.91,2.29,104.52%,,2025 Foix U23 World Championships,2025 Foix U23 World Championships Time Trial MCSLX Martin RUDORFER
2025,Foix,U23 World Championships,Time Trial,Time Trial,MCSLX,20,71,Thomas MAYER,MAYER,Thomas,GBR,52.93,2.31,104.56%,,2025 Foix U23 World Championships,2025 Foix U23 World Championships Time Trial MCSLX Thomas MAYER
2025,Foix,U23 World Championships,Time Trial,Time Trial,MCSLX,21,16,Manel CONTRERAS,CONTRERAS,Manel,ESP,53.14,2.52,104.98%,,2025 Foix U23 World Championships,2025 Foix U23 World Championships Time Trial MCSLX Manel CONTRERAS
2025,Foix,U23 World Championships,Time Trial,Time Trial,MCSLX,22,47,Patrick GUTKNECHT,GUTKNECHT,Patrick,SUI,53.14,2.52,104.98%,,2025 Foix U23 World Championships,2025 Foix U23 World Championships Time Trial MCSLX Patrick GUTKNECHT
2025,Foix,U23 World Championships,Time Trial,Time Trial,MCSLX,23,28,Jan LOCNIKAR,LOCNIKAR,Jan,SLO,53.16,2.54,105.02%,,2025 Foix U23 World Championships,2025 Foix U23 World Championships Time Trial MCSLX Jan LOCNIKAR
2025,Foix,U23 World Championships,Time Trial,Time Trial,MCSLX,24,53,Ivan KOZLOV,KOZLOV,Ivan,AIN,53.31,2.69,105.31%,,2025 Foix U23 World Championships,2025 Foix U23 World Championships Time Trial MCSLX Ivan KOZLOV
2025,Foix,U23 World Championships,Time Trial,Time Trial,MCSLX,25,14,Michele PISTONI,PISTONI,Michele,ITA,53.43,2.81,105.55%,,2025 Foix U23 World Championships,2025 Foix U23 World Championships Time Trial MCSLX Michele PISTONI
2025,Foix,U23 World Championships,Time Trial,Time Trial,MCSLX,26,26,Miquel FARRAN,FARRAN,Miquel,ESP,53.59,2.97,105.87%,,2025 Foix U23 World Championships,2025 Foix U23 World Championships Time Trial MCSLX Miquel FARRAN
2025,Foix,U23 World Championships,Time Trial,Time Trial,MCSLX,27,34,Alex SEGURA,SEGURA,Alex,ESP,53.64,3.02,105.97%,,2025 Foix U23 World Championships,2025 Foix U23 World Championships Time Trial MCSLX Alex SEGURA
2025,Foix,U23 World Championships,Time Trial,Time Trial,MCSLX,28,37,Riley GALEA,GALEA,Riley,AUS,53.65,3.03,105.99%,,2025 Foix U23 World Championships,2025 Foix U23 World Championships Time Trial MCSLX Riley GALEA
2025,Foix,U23 World Championships,Time Trial,Time Trial,MCSLX,29,23,Oliver PUCHNER,PUCHNER,Oliver,NZL,53.7,3.08,106.08%,,2025 Foix U23 World Championships,2025 Foix U23 World Championships Time Trial MCSLX Oliver PUCHNER
2025,Foix,U23 World Championships,Time Trial,Time Trial,MCSLX,30,84,Koki KITAMURA,KITAMURA,Koki,JPN,53.92,3.3,106.52%,,2025 Foix U23 World Championships,2025 Foix U23 World Championships Time Trial MCSLX Koki KITAMURA
2025,Foix,U23 World Championships,Time Trial,Time Trial,MCSLX,31,50,Felix SACHERS,SACHERS,Felix,GER,54.22,3.6,107.11%,,2025 Foix U23 World Championships,2025 Foix U23 World Championships Time Trial MCSLX Felix SACHERS
2025,Foix,U23 World Championships,Time Trial,Time Trial,MCSLX,32,30,Thomas UKALOVIC,UKALOVIC,Thomas,CRO,54.36,3.74,107.39%,,2025 Foix U23 World Championships,2025 Foix U23 World Championships Time Trial MCSLX Thomas UKALOVIC
2025,Foix,U23 World Championships,Time Trial,Time Trial,MCSLX,33,45,Simon ZEITLHOFER,ZEITLHOFER,Simon,AUT,54.41,3.79,107.49%,,2025 Foix U23 World Championships,2025 Foix U23 World Championships Time Trial MCSLX Simon ZEITLHOFER
2025,Foix,U23 World Championships,Time Trial,Time Trial,MCSLX,34,22,Moritz KREMSLEHNER,KREMSLEHNER,Moritz,AUT,54.43,3.81,107.53%,,2025 Foix U23 World Championships,2025 Foix U23 World Championships Time Trial MCSLX Moritz KREMSLEHNER
2025,Foix,U23 World Championships,Time Trial,Time Trial,MCSLX,35,15,Jesus MARTINEZ,MARTINEZ,Jesus,CHI,54.48,3.86,107.63%,,2025 Foix U23 World Championships,2025 Foix U23 World Championships Time Trial MCSLX Jesus MARTINEZ
2025,Foix,U23 World Championships,Time Trial,Time Trial,MCSLX,36,19,Mikolaj MASTALSKI,MASTALSKI,Mikolaj,POL,54.62,4,107.90%,,2025 Foix U23 World Championships,2025 Foix U23 World Championships Time Trial MCSLX Mikolaj MASTALSKI
2025,Foix,U23 World Championships,Time Trial,Time Trial,MCSLX,37,27,Serhii SOVKO,SOVKO,Serhii,UKR,54.77,4.15,108.20%,,2025 Foix U23 World Championships,2025 Foix U23 World Championships Time Trial MCSLX Serhii SOVKO
2025,Foix,U23 World Championships,Time Trial,Time Trial,MCSLX,38,66,Filip DUDA,DUDA,Filip,SVK,54.97,4.35,108.59%,,2025 Foix U23 World Championships,2025 Foix U23 World Championships Time Trial MCSLX Filip DUDA
2025,Foix,U23 World Championships,Time Trial,Time Trial,MCSLX,39,78,Matej SEVCIK,SEVCIK,Matej,SVK,55.06,4.44,108.77%,,2025 Foix U23 World Championships,2025 Foix U23 World Championships Time Trial MCSLX Matej SEVCIK
2025,Foix,U23 World Championships,Time Trial,Time Trial,MCSLX,40,39,Filip STANKO,STANKO,Filip,SVK,55.15,4.53,108.95%,,2025 Foix U23 World Championships,2025 Foix U23 World Championships Time Trial MCSLX Filip STANKO
2025,Foix,U23 World Championships,Time Trial,Time Trial,MCSLX,41,64,Rene JEKLIN,JEKLIN,Rene,SLO,55.2,4.58,109.05%,,2025 Foix U23 World Championships,2025 Foix U23 World Championships Time Trial MCSLX Rene JEKLIN
2025,Foix,U23 World Championships,Time Trial,Time Trial,MCSLX,42,56,David BECKE,BECKE,David,GER,55.55,4.93,109.74%,,2025 Foix U23 World Championships,2025 Foix U23 World Championships Time Trial MCSLX David BECKE
2025,Foix,U23 World Championships,Time Trial,Time Trial,MCSLX,43,60,Ludovico CUIGNON,CUIGNON,Ludovico,ITA,55.75,5.13,110.13%,,2025 Foix U23 World Championships,2025 Foix U23 World Championships Time Trial MCSLX Ludovico CUIGNON
2025,Foix,U23 World Championships,Time Trial,Time Trial,MCSLX,44,48,Dominic KASPER,KASPER,Dominic,SUI,55.77,5.15,110.17%,,2025 Foix U23 World Championships,2025 Foix U23 World Championships Time Trial MCSLX Dominic KASPER
2025,Foix,U23 World Championships,Time Trial,Time Trial,MCSLX,45,33,Finn ANDERSON,ANDERSON,Finn,NZL,55.91,5.29,110.45%,,2025 Foix U23 World Championships,2025 Foix U23 World Championships Time Trial MCSLX Finn ANDERSON
2025,Foix,U23 World Championships,Time Trial,Time Trial,MCSLX,46,63,Yu MISHIMA,MISHIMA,Yu,JPN,55.91,5.29,110.45%,,2025 Foix U23 World Championships,2025 Foix U23 World Championships Time Trial MCSLX Yu MISHIMA
2025,Foix,U23 World Championships,Time Trial,Time Trial,MCSLX,47,44,Martins PLAUDIS,PLAUDIS,Martins,LAT,55.93,5.31,110.49%,,2025 Foix U23 World Championships,2025 Foix U23 World Championships Time Trial MCSLX Martins PLAUDIS
2025,Foix,U23 World Championships,Time Trial,Time Trial,MCSLX,48,8,Salim JEMAI,JEMAI,Salim,TUN,55.97,5.35,110.57%,,2025 Foix U23 World Championships,2025 Foix U23 World Championships Time Trial MCSLX Salim JEMAI
2025,Foix,U23 World Championships,Time Trial,Time Trial,MCSLX,49,46,Nils BIERMANS,BIERMANS,Nils,NED,56.22,5.6,111.06%,,2025 Foix U23 World Championships,2025 Foix U23 World Championships Time Trial MCSLX Nils BIERMANS
2025,Foix,U23 World Championships,Time Trial,Time Trial,MCSLX,50,80,Padraig COWAN,COWAN,Padraig,IRL,56.69,6.07,111.99%,,2025 Foix U23 World Championships,2025 Foix U23 World Championships Time Trial MCSLX Padraig COWAN
2025,Foix,U23 World Championships,Time Trial,Time Trial,MCSLX,51,35,Luca CANO MOLE,CANO MOLE,Luca,PER,56.87,6.25,112.35%,,2025 Foix U23 World Championships,2025 Foix U23 World Championships Time Trial MCSLX Luca CANO MOLE
2025,Foix,U23 World Championships,Time Trial,Time Trial,MCSLX,52,59,Nahuel ESCOBAR PUGGIA,ESCOBAR PUGGIA,Nahuel,ARG,56.89,6.27,112.39%,,2025 Foix U23 World Championships,2025 Foix U23 World Championships Time Trial MCSLX Nahuel ESCOBAR PUGGIA
2025,Foix,U23 World Championships,Time Trial,Time Trial,MCSLX,53,42,Klass Francisks ROZENTALS,ROZENTALS,Klass Francisks,LAT,57.09,6.47,112.78%,,2025 Foix U23 World Championships,2025 Foix U23 World Championships Time Trial MCSLX Klass Francisks ROZENTALS
2025,Foix,U23 World Championships,Time Trial,Time Trial,MCSLX,54,38,Terence SARAMANDIF,SARAMANDIF,Terence,MRI,57.55,6.93,113.69%,,2025 Foix U23 World Championships,2025 Foix U23 World Championships Time Trial MCSLX Terence SARAMANDIF
2025,Foix,U23 World Championships,Time Trial,Time Trial,MCSLX,55,61,Imangali MAMBETOV,MAMBETOV,Imangali,KAZ,57.72,7.1,114.03%,,2025 Foix U23 World Championships,2025 Foix U23 World Championships Time Trial MCSLX Imangali MAMBETOV
2025,Foix,U23 World Championships,Time Trial,Time Trial,MCSLX,56,41,Ossian FIANDER,FIANDER,Ossian,SWE,58.16,7.54,114.90%,,2025 Foix U23 World Championships,2025 Foix U23 World Championships Time Trial MCSLX Ossian FIANDER
2025,Foix,U23 World Championships,Time Trial,Time Trial,MCSLX,57,67,Daisuke NESHIME,NESHIME,Daisuke,JPN,58.23,7.61,115.03%,,2025 Foix U23 World Championships,2025 Foix U23 World Championships Time Trial MCSLX Daisuke NESHIME
2025,Foix,U23 World Championships,Time Trial,Time Trial,MCSLX,58,51,Nathaniel FRANCIS,FRANCIS,Nathaniel,USA,58.3,7.68,115.17%,,2025 Foix U23 World Championships,2025 Foix U23 World Championships Time Trial MCSLX Nathaniel FRANCIS
2025,Foix,U23 World Championships,Time Trial,Time Trial,MCSLX,59,77,Geral SOTO,SOTO,Geral,CHI,58.35,7.73,115.27%,,2025 Foix U23 World Championships,2025 Foix U23 World Championships Time Trial MCSLX Geral SOTO
2025,Foix,U23 World Championships,Time Trial,Time Trial,MCSLX,60,79,Jung-Cheng WU,WU,Jung-Cheng,TPE,58.42,7.8,115.41%,,2025 Foix U23 World Championships,2025 Foix U23 World Championships Time Trial MCSLX Jung-Cheng WU
2025,Foix,U23 World Championships,Time Trial,Time Trial,MCSLX,61,52,Victor Eduardo CARNEIRO,CARNEIRO,Victor Eduardo,BRA,59.09,8.47,116.73%,,2025 Foix U23 World Championships,2025 Foix U23 World Championships Time Trial MCSLX Victor Eduardo CARNEIRO
2025,Foix,U23 World Championships,Time Trial,Time Trial,MCSLX,62,70,Piyanath KOETSUK,KOETSUK,Piyanath,THA,59.32,8.7,117.19%,,2025 Foix U23 World Championships,2025 Foix U23 World Championships Time Trial MCSLX Piyanath KOETSUK
2025,Foix,U23 World Championships,Time Trial,Time Trial,MCSLX,63,20,Manuel TRIPANO,TRIPANO,Manuel,ARG,59.46,8.84,117.46%,,2025 Foix U23 World Championships,2025 Foix U23 World Championships Time Trial MCSLX Manuel TRIPANO
2025,Foix,U23 World Championships,Time Trial,Time Trial,MCSLX,64,68,Matthew VAN HEERDEN,VAN HEERDEN,Matthew,RSA,59.48,8.86,117.50%,,2025 Foix U23 World Championships,2025 Foix U23 World Championships Time Trial MCSLX Matthew VAN HEERDEN
2025,Foix,U23 World Championships,Time Trial,Time Trial,MCSLX,65,11,Jakob SAVLI,SAVLI,Jakob,SLO,59.51,8.89,117.56%,,2025 Foix U23 World Championships,2025 Foix U23 World Championships Time Trial MCSLX Jakob SAVLI
2025,Foix,U23 World Championships,Time Trial,Time Trial,MCSLX,66,74,Gustaf FIANDER,FIANDER,Gustaf,SWE,59.59,8.97,117.72%,,2025 Foix U23 World Championships,2025 Foix U23 World Championships Time Trial MCSLX Gustaf FIANDER
2025,Foix,U23 World Championships,Time Trial,Time Trial,MCSLX,67,40,Fernando REINOSO,REINOSO,Fernando,MEX,59.84,9.22,118.21%,,2025 Foix U23 World Championships,2025 Foix U23 World Championships Time Trial MCSLX Fernando REINOSO
2025,Foix,U23 World Championships,Time Trial,Time Trial,MCSLX,68,36,Michal CIAGLO,CIAGLO,Michal,POL,60.11,9.49,118.75%,,2025 Foix U23 World Championships,2025 Foix U23 World Championships Time Trial MCSLX Michal CIAGLO
2025,Foix,U23 World Championships,Time Trial,Time Trial,MCSLX,69,82,Pedro MARTINS,MARTINS,Pedro,POR,60.11,9.49,118.75%,,2025 Foix U23 World Championships,2025 Foix U23 World Championships Time Trial MCSLX Pedro MARTINS
2025,Foix,U23 World Championships,Time Trial,Time Trial,MCSLX,70,57,Moorim PARK,PARK,Moorim,KOR,60.12,9.5,118.77%,,2025 Foix U23 World Championships,2025 Foix U23 World Championships Time Trial MCSLX Moorim PARK
2025,Foix,U23 World Championships,Time Trial,Time Trial,MCSLX,71,58,Carl FIANDER,FIANDER,Carl,SWE,61.1,10.48,120.70%,,2025 Foix U23 World Championships,2025 Foix U23 World Championships Time Trial MCSLX Carl FIANDER
2025,Foix,U23 World Championships,Time Trial,Time Trial,MCSLX,72,75,Brayden RAW,RAW,Brayden,RSA,61.25,10.63,121.00%,,2025 Foix U23 World Championships,2025 Foix U23 World Championships Time Trial MCSLX Brayden RAW
2025,Foix,U23 World Championships,Time Trial,Time Trial,MCSLX,73,32,Lachlan FARADAY,FARADAY,Lachlan,CAN,61.29,10.67,121.08%,,2025 Foix U23 World Championships,2025 Foix U23 World Championships Time Trial MCSLX Lachlan FARADAY
2025,Foix,U23 World Championships,Time Trial,Time Trial,MCSLX,74,73,Martins MACIJAUSKS,MACIJAUSKS,Martins,LAT,61.3,10.68,121.10%,,2025 Foix U23 World Championships,2025 Foix U23 World Championships Time Trial MCSLX Martins MACIJAUSKS
2025,Foix,U23 World Championships,Time Trial,Time Trial,MCSLX,75,31,Isaac ZIMMERMAN,ZIMMERMAN,Isaac,CAN,61.37,10.75,121.24%,,2025 Foix U23 World Championships,2025 Foix U23 World Championships Time Trial MCSLX Isaac ZIMMERMAN
2025,Foix,U23 World Championships,Time Trial,Time Trial,MCSLX,76,69,Sergei ANTONOV,ANTONOV,Sergei,KAZ,62.35,11.73,123.17%,,2025 Foix U23 World Championships,2025 Foix U23 World Championships Time Trial MCSLX Sergei ANTONOV
2025,Foix,U23 World Championships,Time Trial,Time Trial,MCSLX,77,55,Noah WILHELMER,WILHELMER,Noah,AUT,63.68,13.06,125.80%,,2025 Foix U23 World Championships,2025 Foix U23 World Championships Time Trial MCSLX Noah WILHELMER
2025,Foix,U23 World Championships,Time Trial,Time Trial,MCSLX,78,49,Pradhyumna Singh RATHOD,RATHOD,Pradhyumna Singh,IND,65.83,15.21,130.05%,,2025 Foix U23 World Championships,2025 Foix U23 World Championships Time Trial MCSLX Pradhyumna Singh RATHOD
2025,Foix,U23 World Championships,Time Trial,Time Trial,MCSLX,79,83,Mustafa PARLAK,PARLAK,Mustafa,TUR,69.1,18.48,136.51%,,2025 Foix U23 World Championships,2025 Foix U23 World Championships Time Trial MCSLX Mustafa PARLAK
2025,Foix,U23 World Championships,Time Trial,Time Trial,MCSLX,80,81,Chonlasit PHUTTRAKSA,PHUTTRAKSA,Chonlasit,THA,75.89,25.27,149.92%,,2025 Foix U23 World Championships,2025 Foix U23 World Championships Time Trial MCSLX Chonlasit PHUTTRAKSA
2025,Foix,U23 World Championships,Time Trial,Time Trial,MCSLX,81,29,Enrico DIETZ,DIETZ,Enrico,GER,53.41,2.79,105.51%,,2025 Foix U23 World Championships,2025 Foix U23 World Championships Time Trial MCSLX Enrico DIETZ
2025,Foix,U23 World Championships,Time Trial,Time Trial,MCSLX,82,62,Edward MCDONALD,MCDONALD,Edward,GBR,58.19,7.57,114.95%,,2025 Foix U23 World Championships,2025 Foix U23 World Championships Time Trial MCSLX Edward MCDONALD
2025,Foix,U23 World Championships,Time Trial,Time Trial,MCSLX,83,72,Gael ETTWILLER,ETTWILLER,Gael,LUX,58.64,8.02,115.84%,,2025 Foix U23 World Championships,2025 Foix U23 World Championships Time Trial MCSLX Gael ETTWILLER
2025,Foix,U23 World Championships,Time Trial,Time Trial,MCSLX,84,76,Fu-Hua CHANG,CHANG,Fu-Hua,TPE,66.91,16.29,132.18%,,2025 Foix U23 World Championships,2025 Foix U23 World Championships Time Trial MCSLX Fu-Hua CHANG
2025,Foix,U23 World Championships,Brackets,Final,WCSLX,1,,Doriane DELASSUS,DELASSUS,Doriane,FRA,,,,,2025 Foix U23 World Championships,2025 Foix U23 World Championships Brackets WCSLX Doriane DELASSUS
2025,Foix,U23 World Championships,Brackets,Final,WCSLX,2,,Lois LEAVER,LEAVER,Lois,GBR,,,,,2025 Foix U23 World Championships,2025 Foix U23 World Championships Brackets WCSLX Lois LEAVER
2025,Foix,U23 World Championships,Brackets,Final,WCSLX,3,,Katerina BEKOVA,BEKOVA,Katerina,CZE,,,,,2025 Foix U23 World Championships,2025 Foix U23 World Championships Brackets WCSLX Katerina BEKOVA
2025,Foix,U23 World Championships,Brackets,Final,WCSLX,4,,Evy LEIBFARTH,LEIBFARTH,Evy,USA,,,,,2025 Foix U23 World Championships,2025 Foix U23 World Championships Brackets WCSLX Evy LEIBFARTH
2025,Foix,U23 World Championships,Brackets,Semi-Final,WCSLX,5,,Haizea SEGURA,SEGURA,Haizea,ESP,,,,,2025 Foix U23 World Championships,2025 Foix U23 World Championships Brackets WCSLX Haizea SEGURA
2025,Foix,U23 World Championships,Brackets,Semi-Final,WCSLX,6,,Marcella ALTMAN,ALTMAN,Marcella,USA,,,,,2025 Foix U23 World Championships,2025 Foix U23 World Championships Brackets WCSLX Marcella ALTMAN
2025,Foix,U23 World Championships,Brackets,Semi-Final,WCSLX,7,,Tereza KNEBLOVA,KNEBLOVA,Tereza,CZE,,,,,2025 Foix U23 World Championships,2025 Foix U23 World Championships Brackets WCSLX Tereza KNEBLOVA
2025,Foix,U23 World Championships,Brackets,Semi-Final,WCSLX,8,,Lucia PISTONI,PISTONI,Lucia,ITA,,,,,2025 Foix U23 World Championships,2025 Foix U23 World Championships Brackets WCSLX Lucia PISTONI
2025,Foix,U23 World Championships,Brackets,Quarter-Final,WCSLX,9,,Eva Alina HOCEVAR,HOCEVAR,Eva Alina,SLO,,,,,2025 Foix U23 World Championships,2025 Foix U23 World Championships Brackets WCSLX Eva Alina HOCEVAR
2025,Foix,U23 World Championships,Brackets,Quarter-Final,WCSLX,10,,Antonia PLOCHMANN,PLOCHMANN,Antonia,GER,,,,,2025 Foix U23 World Championships,2025 Foix U23 World Championships Brackets WCSLX Antonia PLOCHMANN
2025,Foix,U23 World Championships,Brackets,Quarter-Final,WCSLX,11,,Naja PINTERIC,PINTERIC,Naja,SLO,,,,,2025 Foix U23 World Championships,2025 Foix U23 World Championships Brackets WCSLX Naja PINTERIC
2025,Foix,U23 World Championships,Brackets,Quarter-Final,WCSLX,12,,Svenja MATTI,MATTI,Svenja,SUI,,,,,2025 Foix U23 World Championships,2025 Foix U23 World Championships Brackets WCSLX Svenja MATTI
2025,Foix,U23 World Championships,Brackets,Quarter-Final,WCSLX,13,,Olga SAMKOVA,SAMKOVA,Olga,CZE,,,,,2025 Foix U23 World Championships,2025 Foix U23 World Championships Brackets WCSLX Olga SAMKOVA
2025,Foix,U23 World Championships,Brackets,Quarter-Final,WCSLX,14,,Taisiia LOGACHEVA,LOGACHEVA,Taisiia,AIN,,,,,2025 Foix U23 World Championships,2025 Foix U23 World Championships Brackets WCSLX Taisiia LOGACHEVA
2025,Foix,U23 World Championships,Brackets,Quarter-Final,WCSLX,15,,Marina NOVYSH,NOVYSH,Marina,AIN,,,,,2025 Foix U23 World Championships,2025 Foix U23 World Championships Brackets WCSLX Marina NOVYSH
2025,Foix,U23 World Championships,Brackets,Quarter-Final,WCSLX,16,,Georgia O'CALLAGHAN,O'CALLAGHAN,Georgia,AUS,,,,,2025 Foix U23 World Championships,2025 Foix U23 World Championships Brackets WCSLX Georgia O'CALLAGHAN
2025,Foix,U23 World Championships,Brackets,Heats,WCSLX,17,,Emma VUITTON,VUITTON,Emma,FRA,,,,,2025 Foix U23 World Championships,2025 Foix U23 World Championships Brackets WCSLX Emma VUITTON
2025,Foix,U23 World Championships,Brackets,Heats,WCSLX,18,,Leire GONI,GONI,Leire,ESP,,,,,2025 Foix U23 World Championships,2025 Foix U23 World Championships Brackets WCSLX Leire GONI
2025,Foix,U23 World Championships,Brackets,Heats,WCSLX,19,,Macy KANG,KANG,Macy,GBR,,,,,2025 Foix U23 World Championships,2025 Foix U23 World Championships Brackets WCSLX Macy KANG
2025,Foix,U23 World Championships,Brackets,Heats,WCSLX,20,,Oleksandra HORLOVA,HORLOVA,Oleksandra,UKR,,,,,2025 Foix U23 World Championships,2025 Foix U23 World Championships Brackets WCSLX Oleksandra HORLOVA
2025,Foix,U23 World Championships,Brackets,Heats,WCSLX,21,,Perrine JOUBERT,JOUBERT,Perrine,FRA,,,,,2025 Foix U23 World Championships,2025 Foix U23 World Championships Brackets WCSLX Perrine JOUBERT
2025,Foix,U23 World Championships,Brackets,Heats,WCSLX,22,,Ivana CHLEBOVA,CHLEBOVA,Ivana,SVK,,,,,2025 Foix U23 World Championships,2025 Foix U23 World Championships Brackets WCSLX Ivana CHLEBOVA
2025,Foix,U23 World Championships,Brackets,Heats,WCSLX,23,,Fia BUETIKOFER,BUETIKOFER,Fia,SUI,,,,,2025 Foix U23 World Championships,2025 Foix U23 World Championships Brackets WCSLX Fia BUETIKOFER
2025,Foix,U23 World Championships,Brackets,Heats,WCSLX,24,,Laura PLATA,PLATA,Laura,COL,,,,,2025 Foix U23 World Championships,2025 Foix U23 World Championships Brackets WCSLX Laura PLATA
2025,Foix,U23 World Championships,Brackets,Heats,WCSLX,25,,Zuzana PANKOVA,PANKOVA,Zuzana,SVK,,,,,2025 Foix U23 World Championships,2025 Foix U23 World Championships Brackets WCSLX Zuzana PANKOVA
2025,Foix,U23 World Championships,Brackets,Heats,WCSLX,26,,Dominika BRZESKA,BRZESKA,Dominika,POL,,,,,2025 Foix U23 World Championships,2025 Foix U23 World Championships Brackets WCSLX Dominika BRZESKA
2025,Foix,U23 World Championships,Brackets,Heats,WCSLX,27,,Paulina PIRRO,PIRRO,Paulina,GER,,,,,2025 Foix U23 World Championships,2025 Foix U23 World Championships Brackets WCSLX Paulina PIRRO
2025,Foix,U23 World Championships,Brackets,Heats,WCSLX,28,,Charlotte WILD,WILD,Charlotte,GER,,,,,2025 Foix U23 World Championships,2025 Foix U23 World Championships Brackets WCSLX Charlotte WILD
2025,Foix,U23 World Championships,Brackets,Heats,WCSLX,29,,Angelina MAKACHEVA,MAKACHEVA,Angelina,AIN,,,,,2025 Foix U23 World Championships,2025 Foix U23 World Championships Brackets WCSLX Angelina MAKACHEVA
2025,Foix,U23 World Championships,Brackets,Heats,WCSLX,30,,Beatrice OLSON,OLSON,Beatrice,CAN,,,,,2025 Foix U23 World Championships,2025 Foix U23 World Championships Brackets WCSLX Beatrice OLSON
2025,Foix,U23 World Championships,Brackets,Heats,WCSLX,31,,Jana PLANES,PLANES,Jana,ESP,,,,,2025 Foix U23 World Championships,2025 Foix U23 World Championships Brackets WCSLX Jana PLANES
2025,Foix,U23 World Championships,Brackets,Heats,WCSLX,32,,Ria SRIBAR,SRIBAR,Ria,USA,,,,,2025 Foix U23 World Championships,2025 Foix U23 World Championships Brackets WCSLX Ria SRIBAR
2025,Foix,Junior World Championships,Brackets,Final,MCSLX,1,,Ziga Lin HOCEVAR,HOCEVAR,Ziga Lin,SLO,,,,,2025 Foix Junior World Championships,2025 Foix Junior World Championships Brackets MCSLX Ziga Lin HOCEVAR
2025,Foix,Junior World Championships,Brackets,Final,MCSLX,2,,Oier DIAZ,DIAZ,Oier,ESP,,,,,2025 Foix Junior World Championships,2025 Foix Junior World Championships Brackets MCSLX Oier DIAZ
2025,Foix,Junior World Championships,Brackets,Final,MCSLX,3,,Faust CLOTET JUANMARTI,CLOTET JUANMARTI,Faust,ESP,,,,,2025 Foix Junior World Championships,2025 Foix Junior World Championships Brackets MCSLX Faust CLOTET JUANMARTI
2025,Foix,Junior World Championships,Brackets,Final,MCSLX,4,,Martin PANZER,PANZER,Martin,CZE,,,,,2025 Foix Junior World Championships,2025 Foix Junior World Championships Brackets MCSLX Martin PANZER
2025,Foix,Junior World Championships,Brackets,Semi-Final,MCSLX,5,,Kilian KAEDING,KAEDING,Kilian,GER,,,,,2025 Foix Junior World Championships,2025 Foix Junior World Championships Brackets MCSLX Kilian KAEDING
2025,Foix,Junior World Championships,Brackets,Semi-Final,MCSLX,7,,Gwion WILLIAMS,WILLIAMS,Gwion,GBR,,,,,2025 Foix Junior World Championships,2025 Foix Junior World Championships Brackets MCSLX Gwion WILLIAMS
2025,Foix,Junior World Championships,Brackets,Semi-Final,MCSLX,8,,Michal KOPECEK,KOPECEK,Michal,CZE,,,,,2025 Foix Junior World Championships,2025 Foix Junior World Championships Brackets MCSLX Michal KOPECEK
2025,Foix,Junior World Championships,Brackets,Quarter-Final,MCSLX,9,,Titouan ESTANGUET,ESTANGUET,Titouan,FRA,,,,,2025 Foix Junior World Championships,2025 Foix Junior World Championships Brackets MCSLX Titouan ESTANGUET
2025,Foix,Junior World Championships,Brackets,Quarter-Final,MCSLX,10,,Harry KIRBY,KIRBY,Harry,GBR,,,,,2025 Foix Junior World Championships,2025 Foix Junior World Championships Brackets MCSLX Harry KIRBY
2025,Foix,Junior World Championships,Brackets,Quarter-Final,MCSLX,11,,Kalle NEUMANN,NEUMANN,Kalle,GER,,,,,2025 Foix Junior World Championships,2025 Foix Junior World Championships Brackets MCSLX Kalle NEUMANN
2025,Foix,Junior World Championships,Brackets,Quarter-Final,MCSLX,12,,Marek KULCZYCKI,KULCZYCKI,Marek,POL,,,,,2025 Foix Junior World Championships,2025 Foix Junior World Championships Brackets MCSLX Marek KULCZYCKI
2025,Foix,Junior World Championships,Brackets,Quarter-Final,MCSLX,13,,Arik BUETIKOFER,BUETIKOFER,Arik,SUI,,,,,2025 Foix Junior World Championships,2025 Foix Junior World Championships Brackets MCSLX Arik BUETIKOFER
2025,Foix,Junior World Championships,Brackets,Quarter-Final,MCSLX,14,,Jayden PARKER,PARKER,Jayden,NZL,,,,,2025 Foix Junior World Championships,2025 Foix Junior World Championships Brackets MCSLX Jayden PARKER
2025,Foix,Junior World Championships,Brackets,Quarter-Final,MCSLX,15,,Paul LEHNER,LEHNER,Paul,GER,,,,,2025 Foix Junior World Championships,2025 Foix Junior World Championships Brackets MCSLX Paul LEHNER
2025,Foix,Junior World Championships,Brackets,Quarter-Final,MCSLX,16,,David SKUBIK,SKUBIK,David,SVK,,,,,2025 Foix Junior World Championships,2025 Foix Junior World Championships Brackets MCSLX David SKUBIK
2025,Foix,Junior World Championships,Brackets,Heats,MCSLX,17,,Arkhyp KRACHKO,KRACHKO,Arkhyp,UKR,,,,,2025 Foix Junior World Championships,2025 Foix Junior World Championships Brackets MCSLX Arkhyp KRACHKO
2025,Foix,Junior World Championships,Brackets,Heats,MCSLX,18,,Tao PETIT,PETIT,Tao,FRA,,,,,2025 Foix Junior World Championships,2025 Foix Junior World Championships Brackets MCSLX Tao PETIT
2025,Foix,Junior World Championships,Brackets,Heats,MCSLX,19,,Nil CHECA BARO,CHECA BARO,Nil,AND,,,,,2025 Foix Junior World Championships,2025 Foix Junior World Championships Brackets MCSLX Nil CHECA BARO
2025,Foix,Junior World Championships,Brackets,Heats,MCSLX,20,,Tyler GEVAERT,GEVAERT,Tyler,CAN,,,,,2025 Foix Junior World Championships,2025 Foix Junior World Championships Brackets MCSLX Tyler GEVAERT
2025,Foix,Junior World Championships,Brackets,Heats,MCSLX,21,,Dominic THOMAS,THOMAS,Dominic,GBR,,,,,2025 Foix Junior World Championships,2025 Foix Junior World Championships Brackets MCSLX Dominic THOMAS
2025,Foix,Junior World Championships,Brackets,Heats,MCSLX,23,,Rostyslav MATVIIENKO,MATVIIENKO,Rostyslav,UKR,,,,,2025 Foix Junior World Championships,2025 Foix Junior World Championships Brackets MCSLX Rostyslav MATVIIENKO
2025,Foix,Junior World Championships,Brackets,Heats,MCSLX,24,,Keisaku KODA,KODA,Keisaku,JPN,,,,,2025 Foix Junior World Championships,2025 Foix Junior World Championships Brackets MCSLX Keisaku KODA
2025,Foix,Junior World Championships,Brackets,Heats,MCSLX,25,,Clement DAVY,DAVY,Clement,FRA,,,,,2025 Foix Junior World Championships,2025 Foix Junior World Championships Brackets MCSLX Clement DAVY
2025,Foix,Junior World Championships,Brackets,Heats,MCSLX,26,,Nicola PISTONI,PISTONI,Nicola,ITA,,,,,2025 Foix Junior World Championships,2025 Foix Junior World Championships Brackets MCSLX Nicola PISTONI
2025,Foix,Junior World Championships,Brackets,Heats,MCSLX,27,,Martin VENETIANER,VENETIANER,Martin,SVK,,,,,2025 Foix Junior World Championships,2025 Foix Junior World Championships Brackets MCSLX Martin VENETIANER
2025,Foix,Junior World Championships,Brackets,Heats,MCSLX,28,,Sevan BILLAUT,BILLAUT,Sevan,AUS,,,,,2025 Foix Junior World Championships,2025 Foix Junior World Championships Brackets MCSLX Sevan BILLAUT
2025,Foix,Junior World Championships,Brackets,Heats,MCSLX,29,,Marek PETRIK,PETRIK,Marek,CZE,,,,,2025 Foix Junior World Championships,2025 Foix Junior World Championships Brackets MCSLX Marek PETRIK
2025,Foix,Junior World Championships,Brackets,Heats,MCSLX,30,,Jernej KRAMER,KRAMER,Jernej,SLO,,,,,2025 Foix Junior World Championships,2025 Foix Junior World Championships Brackets MCSLX Jernej KRAMER
2025,Foix,Junior World Championships,Brackets,Heats,MCSLX,31,,Afonso PINHEIRO,PINHEIRO,Afonso,POR,,,,,2025 Foix Junior World Championships,2025 Foix Junior World Championships Brackets MCSLX Afonso PINHEIRO
2025,Foix,U23 World Championships,Brackets,Final,MCSLX,1,,Nicholas COLLIER,COLLIER,Nicholas,NZL,,,,,2025 Foix U23 World Championships,2025 Foix U23 World Championships Brackets MCSLX Nicholas COLLIER
2025,Foix,U23 World Championships,Brackets,Final,MCSLX,2,,Titouan CASTRYCK,CASTRYCK,Titouan,FRA,,,,,2025 Foix U23 World Championships,2025 Foix U23 World Championships Brackets MCSLX Titouan CASTRYCK
2025,Foix,U23 World Championships,Brackets,Final,MCSLX,3,,Xabier FERRAZZI,FERRAZZI,Xabier,ITA,,,,,2025 Foix U23 World Championships,2025 Foix U23 World Championships Brackets MCSLX Xabier FERRAZZI
2025,Foix,U23 World Championships,Brackets,Final,MCSLX,4,,Gino BENINI,BENINI,Gino,FRA,,,,,2025 Foix U23 World Championships,2025 Foix U23 World Championships Brackets MCSLX Gino BENINI
2025,Foix,U23 World Championships,Brackets,Semi-Final,MCSLX,5,,Sam LEAVER,LEAVER,Sam,GBR,,,,,2025 Foix U23 World Championships,2025 Foix U23 World Championships Brackets MCSLX Sam LEAVER
2025,Foix,U23 World Championships,Brackets,Semi-Final,MCSLX,6,,Patrick GUTKNECHT,GUTKNECHT,Patrick,SUI,,,,,2025 Foix U23 World Championships,2025 Foix U23 World Championships Brackets MCSLX Patrick GUTKNECHT
2025,Foix,U23 World Championships,Brackets,Semi-Final,MCSLX,7,,Tadeusz KUCHNO,KUCHNO,Tadeusz,POL,,,,,2025 Foix U23 World Championships,2025 Foix U23 World Championships Brackets MCSLX Tadeusz KUCHNO
2025,Foix,U23 World Championships,Brackets,Semi-Final,MCSLX,8,,Oleksandr FEDORENKO,FEDORENKO,Oleksandr,UKR,,,,,2025 Foix U23 World Championships,2025 Foix U23 World Championships Brackets MCSLX Oleksandr FEDORENKO
2025,Foix,U23 World Championships,Brackets,Quarter-Final,MCSLX,9,,Matyas NOVAK,NOVAK,Matyas,CZE,,,,,2025 Foix U23 World Championships,2025 Foix U23 World Championships Brackets MCSLX Matyas NOVAK
2025,Foix,U23 World Championships,Brackets,Quarter-Final,MCSLX,10,,Thomas MAYER,MAYER,Thomas,GBR,,,,,2025 Foix U23 World Championships,2025 Foix U23 World Championships Brackets MCSLX Thomas MAYER
2025,Foix,U23 World Championships,Brackets,Quarter-Final,MCSLX,11,,Ivan KOZLOV,KOZLOV,Ivan,AIN,,,,,2025 Foix U23 World Championships,2025 Foix U23 World Championships Brackets MCSLX Ivan KOZLOV
2025,Foix,U23 World Championships,Brackets,Quarter-Final,MCSLX,12,,Koki KITAMURA,KITAMURA,Koki,JPN,,,,,2025 Foix U23 World Championships,2025 Foix U23 World Championships Brackets MCSLX Koki KITAMURA
2025,Foix,U23 World Championships,Brackets,Quarter-Final,MCSLX,13,,Jakub KREJCI,KREJCI,Jakub,CZE,,,,,2025 Foix U23 World Championships,2025 Foix U23 World Championships Brackets MCSLX Jakub KREJCI
2025,Foix,U23 World Championships,Brackets,Quarter-Final,MCSLX,14,,Martin CORNU,CORNU,Martin,FRA,,,,,2025 Foix U23 World Championships,2025 Foix U23 World Championships Brackets MCSLX Martin CORNU
2025,Foix,U23 World Championships,Brackets,Quarter-Final,MCSLX,15,,Alex BALDONI,BALDONI,Alex,CAN,,,,,2025 Foix U23 World Championships,2025 Foix U23 World Championships Brackets MCSLX Alex BALDONI
2025,Foix,U23 World Championships,Brackets,Quarter-Final,MCSLX,16,,Egor SMIRNOV,SMIRNOV,Egor,AIN,,,,,2025 Foix U23 World Championships,2025 Foix U23 World Championships Brackets MCSLX Egor SMIRNOV
2025,Foix,U23 World Championships,Brackets,Heats,MCSLX,17,,Merle LONG,LONG,Merle,AUS,,,,,2025 Foix U23 World Championships,2025 Foix U23 World Championships Brackets MCSLX Merle LONG
2025,Foix,U23 World Championships,Brackets,Heats,MCSLX,18,,Kyler James LONG,LONG,Kyler James,USA,,,,,2025 Foix U23 World Championships,2025 Foix U23 World Championships Brackets MCSLX Kyler James LONG
2025,Foix,U23 World Championships,Brackets,Heats,MCSLX,19,,Dominic CURTIN,CURTIN,Dominic,AUS,,,,,2025 Foix U23 World Championships,2025 Foix U23 World Championships Brackets MCSLX Dominic CURTIN
2025,Foix,U23 World Championships,Brackets,Heats,MCSLX,20,,Kaelin FRIEDENSON,FRIEDENSON,Kaelin,USA,,,,,2025 Foix U23 World Championships,2025 Foix U23 World Championships Brackets MCSLX Kaelin FRIEDENSON
2025,Foix,U23 World Championships,Brackets,Heats,MCSLX,21,,Martin RUDORFER,RUDORFER,Martin,CZE,,,,,2025 Foix U23 World Championships,2025 Foix U23 World Championships Brackets MCSLX Martin RUDORFER
2025,Foix,U23 World Championships,Brackets,Heats,MCSLX,22,,Jan LOCNIKAR,LOCNIKAR,Jan,SLO,,,,,2025 Foix U23 World Championships,2025 Foix U23 World Championships Brackets MCSLX Jan LOCNIKAR
2025,Foix,U23 World Championships,Brackets,Heats,MCSLX,23,,Michele PISTONI,PISTONI,Michele,ITA,,,,,2025 Foix U23 World Championships,2025 Foix U23 World Championships Brackets MCSLX Michele PISTONI
2025,Foix,U23 World Championships,Brackets,Heats,MCSLX,24,,Riley GALEA,GALEA,Riley,AUS,,,,,2025 Foix U23 World Championships,2025 Foix U23 World Championships Brackets MCSLX Riley GALEA
2025,Foix,U23 World Championships,Brackets,Heats,MCSLX,25,,Artem IVCHENKO,IVCHENKO,Artem,UKR,,,,,2025 Foix U23 World Championships,2025 Foix U23 World Championships Brackets MCSLX Artem IVCHENKO
2025,Foix,U23 World Championships,Brackets,Heats,MCSLX,26,,Pitt ROHRER,ROHRER,Pitt,SUI,,,,,2025 Foix U23 World Championships,2025 Foix U23 World Championships Brackets MCSLX Pitt ROHRER
2025,Foix,U23 World Championships,Brackets,Heats,MCSLX,27,,Manel CONTRERAS,CONTRERAS,Manel,ESP,,,,,2025 Foix U23 World Championships,2025 Foix U23 World Championships Brackets MCSLX Manel CONTRERAS
2025,Foix,U23 World Championships,Brackets,Heats,MCSLX,28,,Miquel FARRAN,FARRAN,Miquel,ESP,,,,,2025 Foix U23 World Championships,2025 Foix U23 World Championships Brackets MCSLX Miquel FARRAN
2025,Foix,U23 World Championships,Brackets,Heats,MCSLX,29,,Alex SEGURA,SEGURA,Alex,ESP,,,,,2025 Foix U23 World Championships,2025 Foix U23 World Championships Brackets MCSLX Alex SEGURA
2025,Foix,U23 World Championships,Brackets,Heats,MCSLX,30,,Oliver PUCHNER,PUCHNER,Oliver,NZL,,,,,2025 Foix U23 World Championships,2025 Foix U23 World Championships Brackets MCSLX Oliver PUCHNER
2025,Foix,U23 World Championships,Brackets,Heats,MCSLX,31,,Felix SACHERS,SACHERS,Felix,GER,,,,,2025 Foix U23 World Championships,2025 Foix U23 World Championships Brackets MCSLX Felix SACHERS
2025,Foix,U23 World Championships,Brackets,Heats,MCSLX,32,,Thomas UKALOVIC,UKALOVIC,Thomas,CRO,,,,,2025 Foix U23 World Championships,2025 Foix U23 World Championships Brackets MCSLX Thomas UKALOVIC
2025,Foix,Junior World Championships,Time Trial,Time Trial,MCSLX,1,101,Ziga Lin HOCEVAR,HOCEVAR,Ziga Lin,SLO,51.21,0,100.00%,,2025 Foix Junior World Championships,2025 Foix Junior World Championships Time Trial MCSLX Ziga Lin HOCEVAR
2025,Foix,Junior World Championships,Time Trial,Time Trial,MCSLX,2,103,Faust CLOTET JUANMARTI,CLOTET JUANMARTI,Faust,ESP,51.52,0.31,100.61%,,2025 Foix Junior World Championships,2025 Foix Junior World Championships Time Trial MCSLX Faust CLOTET JUANMARTI
2025,Foix,Junior World Championships,Time Trial,Time Trial,MCSLX,3,167,Clement DAVY,DAVY,Clement,FRA,52.78,1.57,103.07%,,2025 Foix Junior World Championships,2025 Foix Junior World Championships Time Trial MCSLX Clement DAVY
2025,Foix,Junior World Championships,Time Trial,Time Trial,MCSLX,4,113,Arkhyp KRACHKO,KRACHKO,Arkhyp,UKR,52.83,1.62,103.16%,,2025 Foix Junior World Championships,2025 Foix Junior World Championships Time Trial MCSLX Arkhyp KRACHKO
2025,Foix,Junior World Championships,Time Trial,Time Trial,MCSLX,5,104,Titouan ESTANGUET,ESTANGUET,Titouan,FRA,52.96,1.75,103.42%,,2025 Foix Junior World Championships,2025 Foix Junior World Championships Time Trial MCSLX Titouan ESTANGUET
2025,Foix,Junior World Championships,Time Trial,Time Trial,MCSLX,6,160,Harry KIRBY,KIRBY,Harry,GBR,53.11,1.9,103.71%,,2025 Foix Junior World Championships,2025 Foix Junior World Championships Time Trial MCSLX Harry KIRBY
2025,Foix,Junior World Championships,Time Trial,Time Trial,MCSLX,7,109,Oier DIAZ,DIAZ,Oier,ESP,53.2,1.99,103.89%,,2025 Foix Junior World Championships,2025 Foix Junior World Championships Time Trial MCSLX Oier DIAZ
2025,Foix,Junior World Championships,Time Trial,Time Trial,MCSLX,8,131,Kalle NEUMANN,NEUMANN,Kalle,GER,53.3,2.09,104.08%,,2025 Foix Junior World Championships,2025 Foix Junior World Championships Time Trial MCSLX Kalle NEUMANN
2025,Foix,Junior World Championships,Time Trial,Time Trial,MCSLX,9,117,Martin PANZER,PANZER,Martin,CZE,53.37,2.16,104.22%,,2025 Foix Junior World Championships,2025 Foix Junior World Championships Time Trial MCSLX Martin PANZER
2025,Foix,Junior World Championships,Time Trial,Time Trial,MCSLX,10,150,Tao PETIT,PETIT,Tao,FRA,53.39,2.18,104.26%,,2025 Foix Junior World Championships,2025 Foix Junior World Championships Time Trial MCSLX Tao PETIT
2025,Foix,Junior World Championships,Time Trial,Time Trial,MCSLX,11,127,Gwion WILLIAMS,WILLIAMS,Gwion,GBR,53.41,2.2,104.30%,,2025 Foix Junior World Championships,2025 Foix Junior World Championships Time Trial MCSLX Gwion WILLIAMS
2025,Foix,Junior World Championships,Time Trial,Time Trial,MCSLX,12,137,Kilian KAEDING,KAEDING,Kilian,GER,53.8,2.59,105.06%,,2025 Foix Junior World Championships,2025 Foix Junior World Championships Time Trial MCSLX Kilian KAEDING
2025,Foix,Junior World Championships,Time Trial,Time Trial,MCSLX,13,102,Arik BUETIKOFER,BUETIKOFER,Arik,SUI,53.88,2.67,105.21%,,2025 Foix Junior World Championships,2025 Foix Junior World Championships Time Trial MCSLX Arik BUETIKOFER
2025,Foix,Junior World Championships,Time Trial,Time Trial,MCSLX,14,115,Didac FOZ,FOZ,Didac,ESP,54.13,2.92,105.70%,,2025 Foix Junior World Championships,2025 Foix Junior World Championships Time Trial MCSLX Didac FOZ
2025,Foix,Junior World Championships,Time Trial,Time Trial,MCSLX,15,118,Nil CHECA BARO,CHECA BARO,Nil,AND,54.28,3.07,105.99%,,2025 Foix Junior World Championships,2025 Foix Junior World Championships Time Trial MCSLX Nil CHECA BARO
2025,Foix,Junior World Championships,Time Trial,Time Trial,MCSLX,16,124,Jayden PARKER,PARKER,Jayden,NZL,54.29,3.08,106.01%,,2025 Foix Junior World Championships,2025 Foix Junior World Championships Time Trial MCSLX Jayden PARKER
2025,Foix,Junior World Championships,Time Trial,Time Trial,MCSLX,17,165,Nicola PISTONI,PISTONI,Nicola,ITA,54.32,3.11,106.07%,,2025 Foix Junior World Championships,2025 Foix Junior World Championships Time Trial MCSLX Nicola PISTONI
2025,Foix,Junior World Championships,Time Trial,Time Trial,MCSLX,18,123,Marek KULCZYCKI,KULCZYCKI,Marek,POL,54.34,3.13,106.11%,,2025 Foix Junior World Championships,2025 Foix Junior World Championships Time Trial MCSLX Marek KULCZYCKI
2025,Foix,Junior World Championships,Time Trial,Time Trial,MCSLX,19,121,Paul LEHNER,LEHNER,Paul,GER,54.41,3.2,106.25%,,2025 Foix Junior World Championships,2025 Foix Junior World Championships Time Trial MCSLX Paul LEHNER
2025,Foix,Junior World Championships,Time Trial,Time Trial,MCSLX,20,106,Michal KOPECEK,KOPECEK,Michal,CZE,54.76,3.55,106.93%,,2025 Foix Junior World Championships,2025 Foix Junior World Championships Time Trial MCSLX Michal KOPECEK
2025,Foix,Junior World Championships,Time Trial,Time Trial,MCSLX,21,136,Tyler GEVAERT,GEVAERT,Tyler,CAN,54.94,3.73,107.28%,,2025 Foix Junior World Championships,2025 Foix Junior World Championships Time Trial MCSLX Tyler GEVAERT
2025,Foix,Junior World Championships,Time Trial,Time Trial,MCSLX,22,172,Martin VENETIANER,VENETIANER,Martin,SVK,54.94,3.73,107.28%,,2025 Foix Junior World Championships,2025 Foix Junior World Championships Time Trial MCSLX Martin VENETIANER
2025,Foix,Junior World Championships,Time Trial,Time Trial,MCSLX,23,108,Sevan BILLAUT,BILLAUT,Sevan,AUS,55.07,3.86,107.54%,,2025 Foix Junior World Championships,2025 Foix Junior World Championships Time Trial MCSLX Sevan BILLAUT
2025,Foix,Junior World Championships,Time Trial,Time Trial,MCSLX,24,151,Dominic THOMAS,THOMAS,Dominic,GBR,55.09,3.88,107.58%,,2025 Foix Junior World Championships,2025 Foix Junior World Championships Time Trial MCSLX Dominic THOMAS
2025,Foix,Junior World Championships,Time Trial,Time Trial,MCSLX,25,148,Marek PETRIK,PETRIK,Marek,CZE,55.16,3.95,107.71%,,2025 Foix Junior World Championships,2025 Foix Junior World Championships Time Trial MCSLX Marek PETRIK
2025,Foix,Junior World Championships,Time Trial,Time Trial,MCSLX,26,120,David SKUBIK,SKUBIK,David,SVK,55.24,4.03,107.87%,,2025 Foix Junior World Championships,2025 Foix Junior World Championships Time Trial MCSLX David SKUBIK
2025,Foix,Junior World Championships,Time Trial,Time Trial,MCSLX,27,105,Fergus PAGE-BROWN,PAGE-BROWN,Fergus,AUS,55.28,4.07,107.95%,,2025 Foix Junior World Championships,2025 Foix Junior World Championships Time Trial MCSLX Fergus PAGE-BROWN
2025,Foix,Junior World Championships,Time Trial,Time Trial,MCSLX,28,158,Jernej KRAMER,KRAMER,Jernej,SLO,55.54,4.33,108.46%,,2025 Foix Junior World Championships,2025 Foix Junior World Championships Time Trial MCSLX Jernej KRAMER
2025,Foix,Junior World Championships,Time Trial,Time Trial,MCSLX,29,140,Afonso PINHEIRO,PINHEIRO,Afonso,POR,55.69,4.48,108.75%,,2025 Foix Junior World Championships,2025 Foix Junior World Championships Time Trial MCSLX Afonso PINHEIRO
2025,Foix,Junior World Championships,Time Trial,Time Trial,MCSLX,30,119,Rostyslav MATVIIENKO,MATVIIENKO,Rostyslav,UKR,56.2,4.99,109.74%,,2025 Foix Junior World Championships,2025 Foix Junior World Championships Time Trial MCSLX Rostyslav MATVIIENKO
2025,Foix,Junior World Championships,Time Trial,Time Trial,MCSLX,31,138,Brando BELOT DE LA HUNAUDAYE,BELOT DE LA HUNAUDAYE,Brando,ITA,56.67,5.46,110.66%,,2025 Foix Junior World Championships,2025 Foix Junior World Championships Time Trial MCSLX Brando BELOT DE LA HUNAUDAYE
2025,Foix,Junior World Championships,Time Trial,Time Trial,MCSLX,32,152,Keisaku KODA,KODA,Keisaku,JPN,56.91,5.7,111.13%,,2025 Foix Junior World Championships,2025 Foix Junior World Championships Time Trial MCSLX Keisaku KODA
2025,Foix,Junior World Championships,Time Trial,Time Trial,MCSLX,33,159,Matej RADOVICH,RADOVICH,Matej,SVK,57.5,6.29,112.28%,,2025 Foix Junior World Championships,2025 Foix Junior World Championships Time Trial MCSLX Matej RADOVICH
2025,Foix,Junior World Championships,Time Trial,Time Trial,MCSLX,34,135,Igor PUCZEL,PUCZEL,Igor,POL,57.65,6.44,112.58%,,2025 Foix Junior World Championships,2025 Foix Junior World Championships Time Trial MCSLX Igor PUCZEL
2025,Foix,Junior World Championships,Time Trial,Time Trial,MCSLX,35,149,Hung-Yu CHU,CHU,Hung-Yu,TPE,57.66,6.45,112.60%,,2025 Foix Junior World Championships,2025 Foix Junior World Championships Time Trial MCSLX Hung-Yu CHU
2025,Foix,Junior World Championships,Time Trial,Time Trial,MCSLX,36,134,Kornelijus DAUNORAS,DAUNORAS,Kornelijus,LTU,57.88,6.67,113.02%,,2025 Foix Junior World Championships,2025 Foix Junior World Championships Time Trial MCSLX Kornelijus DAUNORAS
2025,Foix,Junior World Championships,Time Trial,Time Trial,MCSLX,37,132,Adrijus AVERKINAS,AVERKINAS,Adrijus,LTU,57.93,6.72,113.12%,,2025 Foix Junior World Championships,2025 Foix Junior World Championships Time Trial MCSLX Adrijus AVERKINAS
2025,Foix,Junior World Championships,Time Trial,Time Trial,MCSLX,38,129,Nikhil NIJHAWAN,NIJHAWAN,Nikhil,USA,57.96,6.75,113.18%,,2025 Foix Junior World Championships,2025 Foix Junior World Championships Time Trial MCSLX Nikhil NIJHAWAN
2025,Foix,Junior World Championships,Time Trial,Time Trial,MCSLX,39,156,Maj PAJK,PAJK,Maj,SLO,58.07,6.86,113.40%,,2025 Foix Junior World Championships,2025 Foix Junior World Championships Time Trial MCSLX Maj PAJK
2025,Foix,Junior World Championships,Time Trial,Time Trial,MCSLX,40,133,Milo OBLINGER,OBLINGER,Milo,SUI,58.09,6.88,113.43%,,2025 Foix Junior World Championships,2025 Foix Junior World Championships Time Trial MCSLX Milo OBLINGER
2025,Foix,Junior World Championships,Time Trial,Time Trial,MCSLX,41,173,Delfo BOSSHARD,BOSSHARD,Delfo,SUI,58.12,6.91,113.49%,,2025 Foix Junior World Championships,2025 Foix Junior World Championships Time Trial MCSLX Delfo BOSSHARD
2025,Foix,Junior World Championships,Time Trial,Time Trial,MCSLX,42,154,Joachim BERTHELOT,BERTHELOT,Joachim,PER,58.13,6.92,113.51%,,2025 Foix Junior World Championships,2025 Foix Junior World Championships Time Trial MCSLX Joachim BERTHELOT
2025,Foix,Junior World Championships,Time Trial,Time Trial,MCSLX,43,125,Finnigan BLACKBURN,BLACKBURN,Finnigan,USA,58.31,7.1,113.86%,,2025 Foix Junior World Championships,2025 Foix Junior World Championships Time Trial MCSLX Finnigan BLACKBURN
2025,Foix,Junior World Championships,Time Trial,Time Trial,MCSLX,44,128,Asher SMITH,SMITH,Asher,NZL,58.32,7.11,113.88%,,2025 Foix Junior World Championships,2025 Foix Junior World Championships Time Trial MCSLX Asher SMITH
2025,Foix,Junior World Championships,Time Trial,Time Trial,MCSLX,45,144,Jakob SEEBACHER,SEEBACHER,Jakob,AUT,58.6,7.39,114.43%,,2025 Foix Junior World Championships,2025 Foix Junior World Championships Time Trial MCSLX Jakob SEEBACHER
2025,Foix,Junior World Championships,Time Trial,Time Trial,MCSLX,46,122,Joseph SAMPSON,SAMPSON,Joseph,NZL,58.83,7.62,114.88%,,2025 Foix Junior World Championships,2025 Foix Junior World Championships Time Trial MCSLX Joseph SAMPSON
2025,Foix,Junior World Championships,Time Trial,Time Trial,MCSLX,47,126,Loic LAMBERMONT,LAMBERMONT,Loic,NED,58.9,7.69,115.02%,,2025 Foix Junior World Championships,2025 Foix Junior World Championships Time Trial MCSLX Loic LAMBERMONT
2025,Foix,Junior World Championships,Time Trial,Time Trial,MCSLX,48,141,Adrian LIGNE,LIGNE,Adrian,SWE,59,7.79,115.21%,,2025 Foix Junior World Championships,2025 Foix Junior World Championships Time Trial MCSLX Adrian LIGNE
2025,Foix,Junior World Championships,Time Trial,Time Trial,MCSLX,49,142,Anton BOIVIN,BOIVIN,Anton,BEL,59.13,7.92,115.47%,,2025 Foix Junior World Championships,2025 Foix Junior World Championships Time Trial MCSLX Anton BOIVIN
2025,Foix,Junior World Championships,Time Trial,Time Trial,MCSLX,50,110,Aar MAGAN,MAGAN,Aar,DJI,59.58,8.37,116.34%,,2025 Foix Junior World Championships,2025 Foix Junior World Championships Time Trial MCSLX Aar MAGAN
2025,Foix,Junior World Championships,Time Trial,Time Trial,MCSLX,51,157,Antonio LIMA,LIMA,Antonio,POR,59.66,8.45,116.50%,,2025 Foix Junior World Championships,2025 Foix Junior World Championships Time Trial MCSLX Antonio LIMA
2025,Foix,Junior World Championships,Time Trial,Time Trial,MCSLX,52,166,Gordey SHCHEHLOV,SHCHEHLOV,Gordey,POR,59.72,8.51,116.62%,,2025 Foix Junior World Championships,2025 Foix Junior World Championships Time Trial MCSLX Gordey SHCHEHLOV
2025,Foix,Junior World Championships,Time Trial,Time Trial,MCSLX,53,169,Klavs AUZNIEKS,AUZNIEKS,Klavs,LAT,59.76,8.55,116.70%,,2025 Foix Junior World Championships,2025 Foix Junior World Championships Time Trial MCSLX Klavs AUZNIEKS
2025,Foix,Junior World Championships,Time Trial,Time Trial,MCSLX,54,170,Shunsuke TANAKA,TANAKA,Shunsuke,JPN,59.8,8.59,116.77%,,2025 Foix Junior World Championships,2025 Foix Junior World Championships Time Trial MCSLX Shunsuke TANAKA
2025,Foix,Junior World Championships,Time Trial,Time Trial,MCSLX,55,168,Scott VENNIKER,VENNIKER,Scott,RSA,60.05,8.84,117.26%,,2025 Foix Junior World Championships,2025 Foix Junior World Championships Time Trial MCSLX Scott VENNIKER
2025,Foix,Junior World Championships,Time Trial,Time Trial,MCSLX,56,164,Teppei SAITO,SAITO,Teppei,JPN,60.47,9.26,118.08%,,2025 Foix Junior World Championships,2025 Foix Junior World Championships Time Trial MCSLX Teppei SAITO
2025,Foix,Junior World Championships,Time Trial,Time Trial,MCSLX,57,139,Isaac LONG,LONG,Isaac,USA,60.82,9.61,118.77%,,2025 Foix Junior World Championships,2025 Foix Junior World Championships Time Trial MCSLX Isaac LONG
2025,Foix,Junior World Championships,Time Trial,Time Trial,MCSLX,58,145,Juan Antonio CARRASCO CADILLO,CARRASCO CADILLO,Juan Antonio,PER,61.78,10.57,120.64%,,2025 Foix Junior World Championships,2025 Foix Junior World Championships Time Trial MCSLX Juan Antonio CARRASCO CADILLO
2025,Foix,Junior World Championships,Time Trial,Time Trial,MCSLX,59,155,Yu-Chia LIN,LIN,Yu-Chia,TPE,61.88,10.67,120.84%,,2025 Foix Junior World Championships,2025 Foix Junior World Championships Time Trial MCSLX Yu-Chia LIN
2025,Foix,Junior World Championships,Time Trial,Time Trial,MCSLX,60,143,Rokas POPIERA,POPIERA,Rokas,LTU,62.28,11.07,121.62%,,2025 Foix Junior World Championships,2025 Foix Junior World Championships Time Trial MCSLX Rokas POPIERA
2025,Foix,Junior World Championships,Time Trial,Time Trial,MCSLX,61,162,Nicolas RIVADENEYRA,RIVADENEYRA,Nicolas,ECU,62.57,11.36,122.18%,,2025 Foix Junior World Championships,2025 Foix Junior World Championships Time Trial MCSLX Nicolas RIVADENEYRA
2025,Foix,Junior World Championships,Time Trial,Time Trial,MCSLX,62,112,Alexandr KOROBOV,KOROBOV,Alexandr,KAZ,62.81,11.6,122.65%,,2025 Foix Junior World Championships,2025 Foix Junior World Championships Time Trial MCSLX Alexandr KOROBOV
2025,Foix,Junior World Championships,Time Trial,Time Trial,MCSLX,63,130,George NOR,NOR,George,CAN,62.96,11.75,122.94%,,2025 Foix Junior World Championships,2025 Foix Junior World Championships Time Trial MCSLX George NOR
2025,Foix,Junior World Championships,Time Trial,Time Trial,MCSLX,64,111,Max STEINBRENNER,STEINBRENNER,Max,AUT,63.92,12.71,124.82%,,2025 Foix Junior World Championships,2025 Foix Junior World Championships Time Trial MCSLX Max STEINBRENNER
2025,Foix,Junior World Championships,Time Trial,Time Trial,MCSLX,65,114,Michal SMIESKO,SMIESKO,Michal,CAN,64.66,13.45,126.26%,,2025 Foix Junior World Championships,2025 Foix Junior World Championships Time Trial MCSLX Michal SMIESKO
2025,Foix,Junior World Championships,Time Trial,Time Trial,MCSLX,66,171,Lukas ROHRMEISTER,ROHRMEISTER,Lukas,AUT,68.6,17.39,133.96%,,2025 Foix Junior World Championships,2025 Foix Junior World Championships Time Trial MCSLX Lukas ROHRMEISTER
2025,Foix,Junior World Championships,Time Trial,Time Trial,MCSLX,67,163,Dags POKSANS,POKSANS,Dags,LAT,73.83,22.62,144.17%,,2025 Foix Junior World Championships,2025 Foix Junior World Championships Time Trial MCSLX Dags POKSANS
2025,Foix,Junior World Championships,Time Trial,Time Trial,MCSLX,68,147,Barrie TEUNISSEN,TEUNISSEN,Barrie,NED,75.22,24.01,146.89%,,2025 Foix Junior World Championships,2025 Foix Junior World Championships Time Trial MCSLX Barrie TEUNISSEN
2025,Foix,Junior World Championships,Time Trial,Time Trial,MCSLX,69,161,James GOTTE,GOTTE,James,RSA,120.35,69.14,235.01%,,2025 Foix Junior World Championships,2025 Foix Junior World Championships Time Trial MCSLX James GOTTE
2025,Foix,Junior World Championships,Time Trial,Time Trial,MCSLX,70,116,Raage MAGAN,MAGAN,Raage,DJI,60.71,9.5,118.55%,FLT (7),2025 Foix Junior World Championships,2025 Foix Junior World Championships Time Trial MCSLX Raage MAGAN
2025,Foix,Junior World Championships,Time Trial,Time Trial,MCSLX,71,107,James STAMP,STAMP,James,AUS,56.86,5.65,111.03%,FLT (3),2025 Foix Junior World Championships,2025 Foix Junior World Championships Time Trial MCSLX James STAMP
2025,Foix,Junior World Championships,Brackets,Final,WCSLX,1,,Mina BLUME,BLUME,Mina,GER,,,,,2025 Foix Junior World Championships,2025 Foix Junior World Championships Brackets WCSLX Mina BLUME
2025,Foix,Junior World Championships,Brackets,Final,WCSLX,2,,Britta JUNG,JUNG,Britta,GER,,,,,2025 Foix Junior World Championships,2025 Foix Junior World Championships Brackets WCSLX Britta JUNG
2025,Foix,Junior World Championships,Brackets,Final,WCSLX,3,,Ainara GOIKOETXEA,GOIKOETXEA,Ainara,ESP,,,,,2025 Foix Junior World Championships,2025 Foix Junior World Championships Brackets WCSLX Ainara GOIKOETXEA
2025,Foix,Junior World Championships,Brackets,Final,WCSLX,4,,Olwen YATES,YATES,Olwen,GBR,,,,,2025 Foix Junior World Championships,2025 Foix Junior World Championships Brackets WCSLX Olwen YATES
2025,Foix,Junior World Championships,Brackets,Semi-Final,WCSLX,5,,Margot LAPEZE,LAPEZE,Margot,FRA,,,,,2025 Foix Junior World Championships,2025 Foix Junior World Championships Brackets WCSLX Margot LAPEZE
2025,Foix,Junior World Championships,Brackets,Semi-Final,WCSLX,6,,Anna FABIANOVA,FABIANOVA,Anna,CZE,,,,,2025 Foix Junior World Championships,2025 Foix Junior World Championships Brackets WCSLX Anna FABIANOVA
2025,Foix,Junior World Championships,Brackets,Semi-Final,WCSLX,7,,Anna SIMONA,SIMONA,Anna,ESP,,,,,2025 Foix Junior World Championships,2025 Foix Junior World Championships Brackets WCSLX Anna SIMONA
2025,Foix,Junior World Championships,Brackets,Quarter-Final,WCSLX,9,,Jana BELMONTE,BELMONTE,Jana,ESP,,,,,2025 Foix Junior World Championships,2025 Foix Junior World Championships Brackets WCSLX Jana BELMONTE
2025,Foix,Junior World Championships,Brackets,Quarter-Final,WCSLX,10,,Elizaveta RIABIKOVA,RIABIKOVA,Elizaveta,AIN,,,,,2025 Foix Junior World Championships,2025 Foix Junior World Championships Brackets WCSLX Elizaveta RIABIKOVA
2025,Foix,Junior World Championships,Brackets,Quarter-Final,WCSLX,11,,Carla RHEIN,RHEIN,Carla,SUI,,,,,2025 Foix Junior World Championships,2025 Foix Junior World Championships Brackets WCSLX Carla RHEIN
2025,Foix,Junior World Championships,Brackets,Quarter-Final,WCSLX,12,,Nerea CASTIGLIONE,CASTIGLIONE,Nerea,ARG,,,,,2025 Foix Junior World Championships,2025 Foix Junior World Championships Brackets WCSLX Nerea CASTIGLIONE
2025,Foix,Junior World Championships,Brackets,Quarter-Final,WCSLX,13,,Lucie VACULOVA,VACULOVA,Lucie,CZE,,,,,2025 Foix Junior World Championships,2025 Foix Junior World Championships Brackets WCSLX Lucie VACULOVA
2025,Foix,Junior World Championships,Brackets,Quarter-Final,WCSLX,14,,Eyleen VUILLEUMIER,VUILLEUMIER,Eyleen,SUI,,,,,2025 Foix Junior World Championships,2025 Foix Junior World Championships Brackets WCSLX Eyleen VUILLEUMIER
2025,Foix,Junior World Championships,Brackets,Quarter-Final,WCSLX,15,,Isabella ALTMAN,ALTMAN,Isabella,USA,,,,,2025 Foix Junior World Championships,2025 Foix Junior World Championships Brackets WCSLX Isabella ALTMAN
2025,Foix,Junior World Championships,Brackets,Quarter-Final,WCSLX,16,,Lilou MANIET,MANIET,Lilou,BEL,,,,,2025 Foix Junior World Championships,2025 Foix Junior World Championships Brackets WCSLX Lilou MANIET
2025,Foix,Junior World Championships,Brackets,Heats,WCSLX,17,,Hanna DANEK,DANEK,Hanna,POL,,,,,2025 Foix Junior World Championships,2025 Foix Junior World Championships Brackets WCSLX Hanna DANEK
2025,Foix,Junior World Championships,Brackets,Heats,WCSLX,18,,Carden OETTING,OETTING,Carden,USA,,,,,2025 Foix Junior World Championships,2025 Foix Junior World Championships Brackets WCSLX Carden OETTING
2025,Foix,Junior World Championships,Brackets,Heats,WCSLX,19,,Mine ONOZAWA,ONOZAWA,Mine,JPN,,,,,2025 Foix Junior World Championships,2025 Foix Junior World Championships Brackets WCSLX Mine ONOZAWA
2025,Foix,Junior World Championships,Brackets,Heats,WCSLX,20,,Codie DAVIDSON,DAVIDSON,Codie,AUS,,,,,2025 Foix Junior World Championships,2025 Foix Junior World Championships Brackets WCSLX Codie DAVIDSON
2025,Foix,Junior World Championships,Brackets,Heats,WCSLX,21,,Gianna CADUFF,CADUFF,Gianna,SUI,,,,,2025 Foix Junior World Championships,2025 Foix Junior World Championships Brackets WCSLX Gianna CADUFF
2025,Foix,Junior World Championships,Brackets,Heats,WCSLX,22,,Tess PATEMAN,PATEMAN,Tess,NZL,,,,,2025 Foix Junior World Championships,2025 Foix Junior World Championships Brackets WCSLX Tess PATEMAN
2025,Foix,Junior World Championships,Brackets,Heats,WCSLX,23,,Darcey MCMULLINS,MCMULLINS,Darcey,GBR,,,,,2025 Foix Junior World Championships,2025 Foix Junior World Championships Brackets WCSLX Darcey MCMULLINS
2025,Foix,Junior World Championships,Brackets,Heats,WCSLX,24,,Olivia LONG,LONG,Olivia,USA,,,,,2025 Foix Junior World Championships,2025 Foix Junior World Championships Brackets WCSLX Olivia LONG
2025,Foix,Junior World Championships,Brackets,Heats,WCSLX,25,,Arina KONTCHAKOV,KONTCHAKOV,Arina,GBR,,,,,2025 Foix Junior World Championships,2025 Foix Junior World Championships Brackets WCSLX Arina KONTCHAKOV
2025,Foix,Junior World Championships,Brackets,Heats,WCSLX,26,,Neele KRECH,KRECH,Neele,GER,,,,,2025 Foix Junior World Championships,2025 Foix Junior World Championships Brackets WCSLX Neele KRECH
2025,Foix,Junior World Championships,Brackets,Heats,WCSLX,27,,Klara VOJTIKOVA,VOJTIKOVA,Klara,CZE,,,,,2025 Foix Junior World Championships,2025 Foix Junior World Championships Brackets WCSLX Klara VOJTIKOVA
2025,Foix,Junior World Championships,Brackets,Heats,WCSLX,28,,Karolina ABRAHAMOVA,ABRAHAMOVA,Karolina,SVK,,,,,2025 Foix Junior World Championships,2025 Foix Junior World Championships Brackets WCSLX Karolina ABRAHAMOVA
2025,Foix,Junior World Championships,Brackets,Heats,WCSLX,29,,Lea SENICA,SENICA,Lea,SLO,,,,,2025 Foix Junior World Championships,2025 Foix Junior World Championships Brackets WCSLX Lea SENICA
2025,Foix,Junior World Championships,Brackets,Heats,WCSLX,30,,Freja BOOCOCK,BOOCOCK,Freja,AUS,,,,,2025 Foix Junior World Championships,2025 Foix Junior World Championships Brackets WCSLX Freja BOOCOCK
2025,Foix,Junior World Championships,Brackets,Heats,WCSLX,31,,Zara ZAHORSKA,ZAHORSKA,Zara,SVK,,,,,2025 Foix Junior World Championships,2025 Foix Junior World Championships Brackets WCSLX Zara ZAHORSKA
2025,Foix,Junior World Championships,Brackets,Heats,WCSLX,32,,Paige ZIMMERMAN,ZIMMERMAN,Paige,CAN,,,,,2025 Foix Junior World Championships,2025 Foix Junior World Championships Brackets WCSLX Paige ZIMMERMAN
2025,Foix,Junior World Championships,Time Trial,Time Trial,WCSLX,1,102,Anna SIMONA,SIMONA,Anna,ESP,57.69,0,100.00%,,2025 Foix Junior World Championships,2025 Foix Junior World Championships Time Trial WCSLX Anna SIMONA
2025,Foix,Junior World Championships,Time Trial,Time Trial,WCSLX,2,109,Arina KONTCHAKOV,KONTCHAKOV,Arina,GBR,57.97,0.28,100.49%,,2025 Foix Junior World Championships,2025 Foix Junior World Championships Time Trial WCSLX Arina KONTCHAKOV
2025,Foix,Junior World Championships,Time Trial,Time Trial,WCSLX,3,140,Britta JUNG,JUNG,Britta,GER,57.97,0.28,100.49%,,2025 Foix Junior World Championships,2025 Foix Junior World Championships Time Trial WCSLX Britta JUNG
2025,Foix,Junior World Championships,Time Trial,Time Trial,WCSLX,4,119,Neele KRECH,KRECH,Neele,GER,58.28,0.59,101.02%,,2025 Foix Junior World Championships,2025 Foix Junior World Championships Time Trial WCSLX Neele KRECH
2025,Foix,Junior World Championships,Time Trial,Time Trial,WCSLX,5,115,Klara VOJTIKOVA,VOJTIKOVA,Klara,CZE,58.63,0.94,101.63%,,2025 Foix Junior World Championships,2025 Foix Junior World Championships Time Trial WCSLX Klara VOJTIKOVA
2025,Foix,Junior World Championships,Time Trial,Time Trial,WCSLX,6,121,Hanna DANEK,DANEK,Hanna,POL,58.73,1.04,101.80%,,2025 Foix Junior World Championships,2025 Foix Junior World Championships Time Trial WCSLX Hanna DANEK
2025,Foix,Junior World Championships,Time Trial,Time Trial,WCSLX,7,152,Olwen YATES,YATES,Olwen,GBR,58.83,1.14,101.98%,,2025 Foix Junior World Championships,2025 Foix Junior World Championships Time Trial WCSLX Olwen YATES
2025,Foix,Junior World Championships,Time Trial,Time Trial,WCSLX,8,125,Karolina ABRAHAMOVA,ABRAHAMOVA,Karolina,SVK,58.88,1.19,102.06%,,2025 Foix Junior World Championships,2025 Foix Junior World Championships Time Trial WCSLX Karolina ABRAHAMOVA
2025,Foix,Junior World Championships,Time Trial,Time Trial,WCSLX,9,113,Mina BLUME,BLUME,Mina,GER,59.18,1.49,102.58%,,2025 Foix Junior World Championships,2025 Foix Junior World Championships Time Trial WCSLX Mina BLUME
2025,Foix,Junior World Championships,Time Trial,Time Trial,WCSLX,10,114,Carden OETTING,OETTING,Carden,USA,59.33,1.64,102.84%,,2025 Foix Junior World Championships,2025 Foix Junior World Championships Time Trial WCSLX Carden OETTING
2025,Foix,Junior World Championships,Time Trial,Time Trial,WCSLX,11,110,Margot LAPEZE,LAPEZE,Margot,FRA,59.56,1.87,103.24%,,2025 Foix Junior World Championships,2025 Foix Junior World Championships Time Trial WCSLX Margot LAPEZE
2025,Foix,Junior World Championships,Time Trial,Time Trial,WCSLX,12,138,Mine ONOZAWA,ONOZAWA,Mine,JPN,59.57,1.88,103.26%,,2025 Foix Junior World Championships,2025 Foix Junior World Championships Time Trial WCSLX Mine ONOZAWA
2025,Foix,Junior World Championships,Time Trial,Time Trial,WCSLX,13,118,Anna FABIANOVA,FABIANOVA,Anna,CZE,59.9,2.21,103.83%,,2025 Foix Junior World Championships,2025 Foix Junior World Championships Time Trial WCSLX Anna FABIANOVA
2025,Foix,Junior World Championships,Time Trial,Time Trial,WCSLX,14,143,Lucie VACULOVA,VACULOVA,Lucie,CZE,59.98,2.29,103.97%,,2025 Foix Junior World Championships,2025 Foix Junior World Championships Time Trial WCSLX Lucie VACULOVA
2025,Foix,Junior World Championships,Time Trial,Time Trial,WCSLX,15,104,Rosie REX,REX,Rosie,NZL,60.08,2.39,104.14%,,2025 Foix Junior World Championships,2025 Foix Junior World Championships Time Trial WCSLX Rosie REX
2025,Foix,Junior World Championships,Time Trial,Time Trial,WCSLX,16,105,Eyleen VUILLEUMIER,VUILLEUMIER,Eyleen,SUI,60.11,2.42,104.19%,,2025 Foix Junior World Championships,2025 Foix Junior World Championships Time Trial WCSLX Eyleen VUILLEUMIER
2025,Foix,Junior World Championships,Time Trial,Time Trial,WCSLX,17,130,Lea SENICA,SENICA,Lea,SLO,60.11,2.42,104.19%,,2025 Foix Junior World Championships,2025 Foix Junior World Championships Time Trial WCSLX Lea SENICA
2025,Foix,Junior World Championships,Time Trial,Time Trial,WCSLX,18,103,Isabella ALTMAN,ALTMAN,Isabella,USA,60.38,2.69,104.66%,,2025 Foix Junior World Championships,2025 Foix Junior World Championships Time Trial WCSLX Isabella ALTMAN
2025,Foix,Junior World Championships,Time Trial,Time Trial,WCSLX,19,111,Freja BOOCOCK,BOOCOCK,Freja,AUS,60.62,2.93,105.08%,,2025 Foix Junior World Championships,2025 Foix Junior World Championships Time Trial WCSLX Freja BOOCOCK
2025,Foix,Junior World Championships,Time Trial,Time Trial,WCSLX,20,106,Ainara GOIKOETXEA,GOIKOETXEA,Ainara,ESP,60.94,3.25,105.63%,,2025 Foix Junior World Championships,2025 Foix Junior World Championships Time Trial WCSLX Ainara GOIKOETXEA
2025,Foix,Junior World Championships,Time Trial,Time Trial,WCSLX,21,120,Lilou MANIET,MANIET,Lilou,BEL,61.43,3.74,106.48%,,2025 Foix Junior World Championships,2025 Foix Junior World Championships Time Trial WCSLX Lilou MANIET
2025,Foix,Junior World Championships,Time Trial,Time Trial,WCSLX,22,146,Zara ZAHORSKA,ZAHORSKA,Zara,SVK,61.45,3.76,106.52%,,2025 Foix Junior World Championships,2025 Foix Junior World Championships Time Trial WCSLX Zara ZAHORSKA
2025,Foix,Junior World Championships,Time Trial,Time Trial,WCSLX,23,126,Paige ZIMMERMAN,ZIMMERMAN,Paige,CAN,61.49,3.8,106.59%,,2025 Foix Junior World Championships,2025 Foix Junior World Championships Time Trial WCSLX Paige ZIMMERMAN
2025,Foix,Junior World Championships,Time Trial,Time Trial,WCSLX,24,112,Jana BELMONTE,BELMONTE,Jana,ESP,61.62,3.93,106.81%,,2025 Foix Junior World Championships,2025 Foix Junior World Championships Time Trial WCSLX Jana BELMONTE
2025,Foix,Junior World Championships,Time Trial,Time Trial,WCSLX,25,101,Codie DAVIDSON,DAVIDSON,Codie,AUS,62.65,4.96,108.60%,,2025 Foix Junior World Championships,2025 Foix Junior World Championships Time Trial WCSLX Codie DAVIDSON
2025,Foix,Junior World Championships,Time Trial,Time Trial,WCSLX,26,142,Elizaveta RIABIKOVA,RIABIKOVA,Elizaveta,AIN,62.68,4.99,108.65%,,2025 Foix Junior World Championships,2025 Foix Junior World Championships Time Trial WCSLX Elizaveta RIABIKOVA
2025,Foix,Junior World Championships,Time Trial,Time Trial,WCSLX,27,123,Carla RHEIN,RHEIN,Carla,SUI,63.16,5.47,109.48%,,2025 Foix Junior World Championships,2025 Foix Junior World Championships Time Trial WCSLX Carla RHEIN
2025,Foix,Junior World Championships,Time Trial,Time Trial,WCSLX,28,108,Nerea CASTIGLIONE,CASTIGLIONE,Nerea,ARG,63.38,5.69,109.86%,,2025 Foix Junior World Championships,2025 Foix Junior World Championships Time Trial WCSLX Nerea CASTIGLIONE
2025,Foix,Junior World Championships,Time Trial,Time Trial,WCSLX,29,134,Gianna CADUFF,CADUFF,Gianna,SUI,63.6,5.91,110.24%,,2025 Foix Junior World Championships,2025 Foix Junior World Championships Time Trial WCSLX Gianna CADUFF
2025,Foix,Junior World Championships,Time Trial,Time Trial,WCSLX,30,116,Tess PATEMAN,PATEMAN,Tess,NZL,64.17,6.48,111.23%,,2025 Foix Junior World Championships,2025 Foix Junior World Championships Time Trial WCSLX Tess PATEMAN
2025,Foix,Junior World Championships,Time Trial,Time Trial,WCSLX,31,132,Darcey MCMULLINS,MCMULLINS,Darcey,GBR,64.33,6.64,111.51%,,2025 Foix Junior World Championships,2025 Foix Junior World Championships Time Trial WCSLX Darcey MCMULLINS
2025,Foix,Junior World Championships,Time Trial,Time Trial,WCSLX,32,133,Olivia LONG,LONG,Olivia,USA,64.48,6.79,111.77%,,2025 Foix Junior World Championships,2025 Foix Junior World Championships Time Trial WCSLX Olivia LONG
2025,Foix,Junior World Championships,Time Trial,Time Trial,WCSLX,33,139,Hanon TANAKA,TANAKA,Hanon,JPN,64.76,7.07,112.26%,,2025 Foix Junior World Championships,2025 Foix Junior World Championships Time Trial WCSLX Hanon TANAKA
2025,Foix,Junior World Championships,Time Trial,Time Trial,WCSLX,34,127,Ona PERELEGRE,PERELEGRE,Ona,AND,64.83,7.14,112.38%,,2025 Foix Junior World Championships,2025 Foix Junior World Championships Time Trial WCSLX Ona PERELEGRE
2025,Foix,Junior World Championships,Time Trial,Time Trial,WCSLX,35,122,Di YAN,YAN,Di,CHN,65.25,7.56,113.10%,,2025 Foix Junior World Championships,2025 Foix Junior World Championships Time Trial WCSLX Di YAN
2025,Foix,Junior World Championships,Time Trial,Time Trial,WCSLX,36,141,Alua MAULETKAN,MAULETKAN,Alua,KAZ,67.88,10.19,117.66%,,2025 Foix Junior World Championships,2025 Foix Junior World Championships Time Trial WCSLX Alua MAULETKAN
2025,Foix,Junior World Championships,Time Trial,Time Trial,WCSLX,37,145,Elizabete KURVINA,KURVINA,Elizabete,LAT,68.62,10.93,118.95%,,2025 Foix Junior World Championships,2025 Foix Junior World Championships Time Trial WCSLX Elizabete KURVINA
2025,Foix,Junior World Championships,Time Trial,Time Trial,WCSLX,38,131,Patrycja IWANIEC,IWANIEC,Patrycja,POL,68.79,11.1,119.24%,,2025 Foix Junior World Championships,2025 Foix Junior World Championships Time Trial WCSLX Patrycja IWANIEC
2025,Foix,Junior World Championships,Time Trial,Time Trial,WCSLX,39,107,Ada MACKIE,MACKIE,Ada,AUS,69.23,11.54,120.00%,,2025 Foix Junior World Championships,2025 Foix Junior World Championships Time Trial WCSLX Ada MACKIE
2025,Foix,Junior World Championships,Time Trial,Time Trial,WCSLX,40,147,Ceren AVCU,AVCU,Ceren,TUR,69.65,11.96,120.73%,,2025 Foix Junior World Championships,2025 Foix Junior World Championships Time Trial WCSLX Ceren AVCU
2025,Foix,Junior World Championships,Time Trial,Time Trial,WCSLX,41,136,Sophia Suzane Hada MOUHOUB,MOUHOUB,Sophia Suzane Hada,ALG,69.97,12.28,121.29%,,2025 Foix Junior World Championships,2025 Foix Junior World Championships Time Trial WCSLX Sophia Suzane Hada MOUHOUB
2025,Foix,Junior World Championships,Time Trial,Time Trial,WCSLX,42,135,Anhelina KHARLAMOVA,KHARLAMOVA,Anhelina,UKR,70.05,12.36,121.42%,,2025 Foix Junior World Championships,2025 Foix Junior World Championships Time Trial WCSLX Anhelina KHARLAMOVA
2025,Foix,Junior World Championships,Time Trial,Time Trial,WCSLX,43,144,Rafaela SANCHEZ,SANCHEZ,Rafaela,ECU,75.39,17.7,130.68%,,2025 Foix Junior World Championships,2025 Foix Junior World Championships Time Trial WCSLX Rafaela SANCHEZ
2025,Foix,Junior World Championships,Time Trial,Time Trial,WCSLX,44,149,Martha BIYINZIKA,BIYINZIKA,Martha,UGA,75.47,17.78,130.82%,,2025 Foix Junior World Championships,2025 Foix Junior World Championships Time Trial WCSLX Martha BIYINZIKA
2025,Foix,Junior World Championships,Time Trial,Time Trial,WCSLX,45,129,Eliza TARE,TARE,Eliza,LAT,75.67,17.98,131.17%,,2025 Foix Junior World Championships,2025 Foix Junior World Championships Time Trial WCSLX Eliza TARE
2025,Foix,Junior World Championships,Time Trial,Time Trial,WCSLX,46,150,Meryem TAOUFIK,TAOUFIK,Meryem,MAR,80.39,22.7,139.35%,,2025 Foix Junior World Championships,2025 Foix Junior World Championships Time Trial WCSLX Meryem TAOUFIK
2025,Foix,Junior World Championships,Time Trial,Time Trial,WCSLX,47,128,Rosalina TEUNISSEN,TEUNISSEN,Rosalina,NED,81.68,23.99,141.58%,,2025 Foix Junior World Championships,2025 Foix Junior World Championships Time Trial WCSLX Rosalina TEUNISSEN
2025,Foix,Junior World Championships,Time Trial,Time Trial,WCSLX,48,137,Hannah TROWER,TROWER,Hannah,RSA,76.6,18.91,132.78%,FLT (5),2025 Foix Junior World Championships,2025 Foix Junior World Championships Time Trial WCSLX Hannah TROWER
2025,Foix,Junior World Championships,Time Trial,Time Trial,WCSLX,49,151,Honorine PICHARD,PICHARD,Honorine,FRA,62.4,4.71,108.16%,FLT (3),2025 Foix Junior World Championships,2025 Foix Junior World Championships Time Trial WCSLX Honorine PICHARD
2025,Foix,Junior World Championships,Time Trial,Time Trial,WCSLX,50,148,Isabel LOVATO,LOVATO,Isabel,ITA,66.18,8.49,114.72%,FLT (3),2025 Foix Junior World Championships,2025 Foix Junior World Championships Time Trial WCSLX Isabel LOVATO
2025,Foix,Junior World Championships,Time Trial,Time Trial,WCSLX,51,117,Veerle VAN VLIET,VAN VLIET,Veerle,NED,89.6,31.91,155.31%,FLT (3),2025 Foix Junior World Championships,2025 Foix Junior World Championships Time Trial WCSLX Veerle VAN VLIET
2025,Foix,Junior World Championships,Time Trial,Time Trial,WCSLX,52,124,Laurette LALY,LALY,Laurette,FRA,63.25,5.56,109.64%,,2025 Foix Junior World Championships,2025 Foix Junior World Championships Time Trial WCSLX Laurette LALY
